-- phpMyAdmin SQL Dump
-- version 5.2.1
-- https://www.phpmyadmin.net/
--
-- Servidor: 127.0.0.1
-- Tiempo de generación: 15-09-2023 a las 03:23:01
-- Versión del servidor: 10.4.28-MariaDB
-- Versión de PHP: 8.0.28

SET SQL_MODE = "NO_AUTO_VALUE_ON_ZERO";
START TRANSACTION;
SET time_zone = "+00:00";


/*!40101 SET @OLD_CHARACTER_SET_CLIENT=@@CHARACTER_SET_CLIENT */;
/*!40101 SET @OLD_CHARACTER_SET_RESULTS=@@CHARACTER_SET_RESULTS */;
/*!40101 SET @OLD_COLLATION_CONNECTION=@@COLLATION_CONNECTION */;
/*!40101 SET NAMES utf8mb4 */;

--
-- Base de datos: `domicilios`
--

-- --------------------------------------------------------

--
-- Estructura de tabla para la tabla `barrios`
--

CREATE TABLE `barrios` (
  `id_barrio` int(5) NOT NULL,
  `descripcion` varchar(100) CHARACTER SET utf8 COLLATE utf8_spanish_ci NOT NULL
) ENGINE=InnoDB DEFAULT CHARSET=utf8 COLLATE=utf8_general_ci COMMENT='Descripcion de Barrios por Localidad';

--
-- Volcado de datos para la tabla `barrios`
--

INSERT INTO `barrios` (`id_barrio`, `descripcion`) VALUES
(293, '-'),
(90, '1 de Mayo'),
(202, '1° De Mayo'),
(660, '10 Vivendas'),
(485, '10 Viviendas'),
(218, '100 Viviendas'),
(334, '110 Viviendas'),
(1, '12 De Octubre'),
(717, '120 Viviendas'),
(270, '125 Viviendas'),
(352, '130 Viviendas'),
(159, '135 Viviendas'),
(770, '14 De Octubre'),
(145, '140 Viviendas'),
(555, '15 Viviendas'),
(529, '150 Viviendas'),
(191, '16 De Julio'),
(122, '17 De Octubre'),
(722, '175 Viviendas'),
(505, '1º De Mayo'),
(628, '2 Bocas'),
(2, '2 De Abril'),
(676, '2 De Abril Y 9 De Julio'),
(92, '2 De Agosto'),
(3, '20 De Julio'),
(247, '20 De Junio'),
(290, '20 Vivienda'),
(261, '20 Viviendas'),
(294, '200 Viviendas'),
(418, '212 Viviendas'),
(542, '216 Viviendas'),
(389, '22 De Septiembre'),
(125, '22 Viviendas'),
(391, '24 Viviendas'),
(449, '240 Viviendas'),
(93, '25 De Mayo'),
(602, '25 Viviendas'),
(94, '28 De Julio'),
(353, '28 Viviendas'),
(117, '29 De Septiembre'),
(788, '29 Viviendas'),
(190, '30 De Octubre'),
(415, '30 Viviendas'),
(662, '300 Viviendas'),
(444, '32 Viviendas'),
(141, '33 Viviendas'),
(657, '33viviendas'),
(645, '35 Viviendas'),
(625, '350 Viviendas'),
(192, '40 Viviendas'),
(584, '41 Viviendas'),
(680, '442 Vdas'),
(183, '442 Viviendas'),
(478, '46 Viviendas'),
(438, '50 Viviendas'),
(661, '500 Viviendas'),
(364, '53 Viviendas'),
(194, '59 Viviendas'),
(571, '6 De Eneero'),
(118, '6 De Enero'),
(166, '60 Viviendas'),
(545, '66 Viviendas'),
(4, '7 De Mayo'),
(5, '7 De Noviembre'),
(567, '7 De Noviewmbre'),
(701, '7 Viviendas'),
(400, '70 Viviendas'),
(263, '742 Viv'),
(257, '742 Viviendas'),
(119, '8 De Abril'),
(305, '8 De Diciembre'),
(251, '8 De Febrero'),
(182, '8 De Marzo'),
(284, '8 De Octubre'),
(7, '8 De Octubre Bis'),
(606, '8 De Octubre Ii'),
(6, '8 DeOctubre'),
(670, '80 Viviendas'),
(429, '92 Viviendas'),
(380, '95 Viviendas'),
(411, '96 Viviendas'),
(736, '96 Viviendas - Cono Sur'),
(514, '96 Viviendas - Cono Sur Ii'),
(613, 'A. Nenning'),
(694, 'Aca'),
(95, 'Agua Potable'),
(638, 'Alberto Nening'),
(639, 'Alborada'),
(132, 'Algarrobo'),
(594, 'Almagro'),
(769, 'Alta Barda'),
(96, 'Alto'),
(492, 'Alto Alberdi'),
(776, 'Altos Del Limay'),
(522, 'Andresito'),
(408, 'Antártida Argentina'),
(8, 'Antenor Gauna'),
(121, 'Arturo Illia'),
(245, 'Arturo Illia 2'),
(244, 'Arturo Illia Ii'),
(227, 'Arturo Illia Uno'),
(138, 'Auto-construccion'),
(721, 'Autoconstrccion'),
(476, 'Automovil Club Argentino'),
(707, 'Av. 30 Y 5'),
(377, 'Av. 9 De Julio'),
(254, 'Av. 9 De Julio S/n'),
(546, 'Av. Pantaleon Gomez'),
(413, 'Av. San Martin'),
(443, 'Av. San Martin Y Belgrano'),
(627, 'Av.belgrano'),
(299, 'Av.gutnisky'),
(344, 'Avda. Italia'),
(296, 'Avda. Napoleon Uriburu'),
(238, 'Avellaneda'),
(424, 'Avenida'),
(189, 'Avenida 7 Nº 755'),
(491, 'Ayacucho'),
(224, 'B. 55 Viviendas'),
(256, 'B. Liborsi'),
(601, 'B° 15 Vll'),
(787, 'B° 16 Viviendas'),
(308, 'B° 17 De Octubre'),
(339, 'B° 20 Viviendas'),
(484, 'B° 30 Viviendas'),
(554, 'B° 39 Viviendas'),
(139, 'B° 40 Viviendas'),
(433, 'B° 50 Viviendas'),
(204, 'B° 6 Enero'),
(646, 'B° 60 Viviendas'),
(230, 'B° Alberto Nenning'),
(486, 'B° El Olvido'),
(222, 'B° El Quebracho'),
(168, 'B° Eva Peron'),
(255, 'B° Evita'),
(551, 'B° Fachini'),
(557, 'B° Fontana'),
(475, 'B° Guadalupe'),
(267, 'B° Ibira Pita'),
(279, 'B° Illia Ii'),
(641, 'B° La Delicia'),
(699, 'B° La Nueva Formosa'),
(312, 'B° Lisbel Rivira'),
(582, 'B° Malvina'),
(123, 'B° Malvinas'),
(275, 'B° Obrero'),
(292, 'B° Parque Urbano 3'),
(289, 'B° Parque Urbano I'),
(403, 'B° Parque Urbano Ii'),
(642, 'B° Polideportivo'),
(385, 'B° Primavera'),
(637, 'B° San Antonio'),
(468, 'B° San Antonio Ii'),
(236, 'B° San Isidro Labrador'),
(330, 'B° San Juan Iii'),
(622, 'B° San Martin'),
(338, 'B° San Roque'),
(285, 'B° Vial'),
(724, 'B° Villa Del Carmen'),
(702, 'B° Virgen Del Rosario'),
(331, 'B°san Juan Iii'),
(332, 'B°san Juan Xiii'),
(198, 'Bª Fontana'),
(503, 'Bª Republica Argentina'),
(765, 'Bardas Soleadas'),
(691, 'Barranquera'),
(466, 'Barrio 40 Viviendas'),
(370, 'Barrio 46 Viviendas'),
(151, 'Barrio 60 Viviendas'),
(417, 'Barrio Agp'),
(174, 'Barrio Agua Potable'),
(474, 'Barrio Centro'),
(427, 'Barrio Chijra'),
(260, 'Barrio Evita'),
(398, 'Barrio Ferroviario'),
(310, 'Barrio Hipotecario'),
(448, 'Barrio I.p.v.'),
(430, 'Barrio Incone'),
(314, 'Barrio Itati'),
(519, 'Barrio Jardin'),
(393, 'Barrio Maria Auxiladora'),
(242, 'Barrio Namquom'),
(463, 'Barrio Nuevo'),
(679, 'Barrio Pio X'),
(315, 'Barrio San Miguel'),
(320, 'Barrio Sarmiento'),
(579, 'Barrio Sur'),
(471, 'Barrio Unitan'),
(258, 'Barrio Vial'),
(311, 'Barrio Virgen De Los Pobres'),
(685, 'Bateria'),
(562, 'Belgrado'),
(172, 'Belgrano'),
(496, 'Belgrano Sur'),
(396, 'Bernardino'),
(9, 'Bernardino Rivadavia'),
(149, 'Bº 103 Viviendas'),
(696, 'Bº 11114'),
(363, 'Bº 200 Viviendas'),
(593, 'Bº 25 Viviendas'),
(452, 'Bº 28 Viviendas'),
(477, 'Bº 30 Viviendas'),
(287, 'Bº 60 Viviendas'),
(734, 'Bº 7 De Octubre'),
(785, 'Bº Cooperativa'),
(213, 'Bº El Hornero'),
(703, 'Bº El Porvenir'),
(288, 'Bº El Quebracho'),
(737, 'Bº Emeta'),
(241, 'Bº Emilio Tomas'),
(264, 'Bº Federación'),
(386, 'Bº Fontana'),
(735, 'Bº Gendarmería'),
(148, 'Bº Guayaibí'),
(409, 'Bº Ipb Sur'),
(214, 'Bº La Paz'),
(425, 'Bº La Playa'),
(282, 'Bº Libertad'),
(431, 'Bº Los Inmigrantes'),
(300, 'Bº Los Laureles'),
(647, 'Bº Lujan'),
(498, 'Bº Nanqon'),
(351, 'Bº Nuestra Señora De Luján'),
(297, 'Bº Obrero'),
(487, 'Bº P. Costas'),
(483, 'Bº Parque Urbano'),
(216, 'Bº Parque Urbano  I'),
(167, 'Bº Quimil'),
(268, 'Bº San Andres'),
(269, 'Bº San Andres Ii'),
(165, 'Bº San Cayetano'),
(488, 'Bº San Jorge'),
(221, 'Bº San Juan Bautista'),
(462, 'Bº Sanidad'),
(235, 'Bº Simon Bolivar'),
(560, 'Bº Textil'),
(482, 'Bº Vial'),
(432, 'Bo. 16 De Julio'),
(501, 'Boca Riacho Pilaga'),
(767, 'Bouquet Roldán'),
(530, 'C.t.i.'),
(164, 'Caacupe'),
(209, 'CaacupeÍ'),
(378, 'Caballito'),
(632, 'Cabo Noroña'),
(347, 'Calle 46'),
(383, 'Calle Moreno'),
(556, 'Camba Cua'),
(217, 'Camino General Belgrano'),
(681, 'Camping'),
(759, 'Canal V'),
(652, 'Cangurito'),
(97, 'Cap. De Frag. Pedro E. Giachino'),
(10, 'Caracolito'),
(746, 'Carlitos Menem'),
(500, 'Carlitos Menem Junior'),
(436, 'Carlos Ayala'),
(325, 'Carlos Brunelli'),
(346, 'Centenario'),
(677, 'Centenario Su R'),
(11, 'Centro'),
(402, 'Centro 2'),
(733, 'Chiriguanos'),
(668, 'Circunscripcion N°5'),
(328, 'Ciudad De Posadas'),
(750, 'Ciudad Industrial Jaime De Nevares'),
(481, 'Cocomarola'),
(276, 'Colluccio'),
(281, 'Colluccio'),
(12, 'Collucio'),
(304, 'Colonia Aborigen'),
(605, 'Colonia Aborigen Chico Dawagan'),
(547, 'Colonia Del Progreso'),
(272, 'Colonia El Alba'),
(718, 'Colonia El Esterito'),
(690, 'Colonia El Rincon'),
(470, 'Colonia Ensanche Norte'),
(568, 'Colonia Formosa'),
(743, 'Colonia La Floresta'),
(532, 'Colonia La Primavera'),
(490, 'Colonia Mercedes'),
(355, 'Colonia Monte Lindo'),
(561, 'Colonia Napenay'),
(749, 'Colonia Nueva Esperanza'),
(617, 'Colonia Potrero Norte'),
(714, 'Colonia Primavera'),
(619, 'Colonia Riacho De Oro'),
(405, 'Colonia San Antonio'),
(715, 'Colonia Sol De Mayo'),
(369, 'Comandante Fontana'),
(653, 'Complejo De Las Américas'),
(225, 'Complejo Las Americas'),
(643, 'Compy'),
(597, 'Comunidad 3 Pozos'),
(410, 'Comunidad De Km. 14'),
(589, 'Comunidad Lote 27'),
(783, 'Confluencia Rural'),
(782, 'Confluencia Urbana'),
(13, 'Cono Sur'),
(280, 'Cono Sur 3'),
(208, 'Cono Sur Ii'),
(669, 'Cono Sur Iii'),
(240, 'Conosur Ii'),
(608, 'Costa Alegre'),
(536, 'Costanera Sur'),
(14, 'Covifol'),
(754, 'Cuenca XV'),
(766, 'Cumelen'),
(366, 'Curtiembre'),
(253, 'Dean Funes'),
(274, 'Demichelis'),
(160, 'Deportivo'),
(15, 'Divino Niño'),
(16, 'Don Bosco'),
(779, 'Don Bosco II'),
(778, 'Don Bosco III'),
(181, 'Don Torcuato'),
(580, 'El Algarrobo'),
(157, 'El Arco'),
(600, 'El Chivato'),
(549, 'El Corralito'),
(499, 'El Favorito'),
(313, 'El Hornero'),
(586, 'El Jaguel'),
(259, 'El Mirador'),
(143, 'El Mistol'),
(193, 'El Mistol II'),
(421, 'El Mistol Iii'),
(17, 'El Palmar'),
(18, 'El Palomar'),
(615, 'El Pindozal'),
(458, 'El Porteño'),
(19, 'El Porvenir'),
(630, 'El Porvenir 2'),
(634, 'El Progreso'),
(20, 'El Pucu'),
(507, 'El Quebrachito'),
(581, 'El Quebranto'),
(21, 'El Resguardo'),
(598, 'El Rincon'),
(616, 'El Sauzalito'),
(588, 'El Simbolar'),
(423, 'El Talar'),
(365, 'El Timbo'),
(22, 'El Timbo I'),
(23, 'El Timbo II'),
(698, 'El Tordo'),
(144, 'El Trinagulo'),
(728, 'El Tronquito'),
(136, 'Emeta'),
(623, 'Emete'),
(422, 'Emilio Senes'),
(24, 'Emilio Tomas'),
(520, 'Escobar'),
(753, 'Esfuerzo'),
(450, 'España'),
(671, 'Esperanza'),
(786, 'Estación'),
(327, 'Estella Maris'),
(354, 'Eucaliptal'),
(25, 'Eva Peron'),
(26, 'Evita'),
(659, 'Ex Aero Club'),
(727, 'Ex Lote 15'),
(316, 'Fachini'),
(27, 'Facundo Quiroga'),
(387, 'Fanfarria Y Chile'),
(28, 'Federacion'),
(29, 'Fleming'),
(303, 'Floresta'),
(394, 'Florida'),
(30, 'Fontana'),
(437, 'Fontana Y 25 De Mayo'),
(442, 'Fridman'),
(672, 'Fulgencio Sevilla'),
(126, 'Garita'),
(744, 'Gauchito Gil'),
(544, 'Gendarmeria'),
(447, 'Gendarmeria Nacional'),
(583, 'General Donovan'),
(682, 'General Pacheco'),
(31, 'General San Martin'),
(755, 'Gran Neuquén Norte'),
(756, 'Gran Neuquén Sur'),
(763, 'Gregorio Álvarez'),
(32, 'Guadalupe'),
(384, 'Guarani'),
(128, 'Guarda La Tosca'),
(33, 'Guayabi'),
(440, 'Guayaibi'),
(460, 'Guayaiby'),
(577, 'H. Irigoyen'),
(34, 'Hipolito Irigoyen'),
(720, 'Hipolito Yrigoyen'),
(350, 'Hipotecario'),
(540, 'Hornero'),
(762, 'Huilliches'),
(535, 'I.p.v.'),
(273, 'Ibira Pita'),
(367, 'Ibirá Pita'),
(231, 'Illia'),
(232, 'Illia 2'),
(35, 'Illia I'),
(36, 'Illia II'),
(37, 'Incone'),
(38, 'Independencia'),
(98, 'Independencia (bolsón Chico)'),
(154, 'Independiente'),
(137, 'Industrial'),
(185, 'Inespecífico'),
(219, 'Ipv'),
(508, 'Ipv 40 Viviendas'),
(454, 'Irigoyen'),
(534, 'Isabel La Catolica'),
(612, 'Isla Colon'),
(704, 'Islas'),
(604, 'Islas Malvinas'),
(205, 'Italo Argentino'),
(99, 'Itati'),
(39, 'Itati I'),
(40, 'Itati II'),
(271, 'Itati-el Colorado-'),
(262, 'J.d. Peron'),
(326, 'J.j. Bogarín'),
(373, 'Jardines De Formosa'),
(382, 'Jose Bibolini'),
(648, 'Jose M. Paz'),
(381, 'Jose Maria Uriburu'),
(614, 'Juan Bautista'),
(726, 'Juan Bautista Alberdi'),
(41, 'Juan Domingo Peron'),
(100, 'Juan Jose Bogarin'),
(692, 'Juan José Paso'),
(663, 'Juan M De Rosas'),
(42, 'Juan Manuel de Rosas'),
(687, 'Juan Pablo  Ii'),
(688, 'Juan Pablo Ii'),
(465, 'Junin'),
(516, 'Km 30 - Ruta Provincial 28- Norte'),
(710, 'Km 4'),
(711, 'Km 4 Soldado Jose Coronel'),
(186, 'La Alborada'),
(416, 'La Bolsita'),
(129, 'La Bomba'),
(246, 'La Colonia'),
(719, 'La Colonia De Mayo'),
(155, 'La Esperanza'),
(43, 'La Estrella'),
(44, 'La Floresta'),
(502, 'La Florida'),
(512, 'La Frontera'),
(349, 'La Horqueta'),
(120, 'La Loma'),
(252, 'La Negrita'),
(399, 'La Nueva Esperanza'),
(207, 'La Nueva Formosa'),
(359, 'La Nueva Formosa - Lote Rural 149'),
(464, 'La Pantalla'),
(45, 'La Paz'),
(509, 'La PeÑa'),
(511, 'La Picadita'),
(101, 'La Piedad'),
(211, 'La Pilar'),
(307, 'La Plata'),
(658, 'La Playa'),
(603, 'La Primavera'),
(229, 'La Rosa'),
(319, 'La Salada'),
(674, 'La Sirena'),
(291, 'La Union'),
(340, 'La Victoria'),
(730, 'La Virgen Niña'),
(609, 'Laguna Neuquen'),
(686, 'Laguna Seca'),
(140, 'Laguna Siam'),
(629, 'Lagunita'),
(538, 'Laka Wichí'),
(493, 'Lanus Oeste'),
(497, 'Las Colonias'),
(46, 'Las Delicias'),
(375, 'Las Heras'),
(335, 'Las Malvinas'),
(223, 'Las Orquideas'),
(515, 'Las Praderas De Lujan'),
(376, 'Las Tejas Del Sur'),
(723, 'Las Toscas'),
(177, 'Las Tunas'),
(206, 'Las Violetas'),
(210, 'Laura Vicuña'),
(395, 'Laureano Maradona'),
(47, 'Libertad'),
(550, 'Liboris'),
(48, 'Liborsi'),
(573, 'Lisbel Rivira'),
(569, 'Lisvel Rivira N° 2'),
(596, 'Litoral'),
(552, 'Loro Cue'),
(528, 'Los Algarrobos'),
(435, 'Los Chivatos'),
(461, 'Los Cocos'),
(158, 'Los Halcones'),
(324, 'Los Inmigrantes'),
(684, 'Los Laureles'),
(553, 'Lote 11'),
(306, 'Lote 111'),
(689, 'Lote 15'),
(566, 'Lote 15 Bis'),
(572, 'Lote 240'),
(323, 'Lote 27'),
(203, 'Lote 33'),
(201, 'Lote 4'),
(590, 'Lote 5 Y 6'),
(179, 'Lote 68'),
(748, 'Lote 98'),
(472, 'Lote Q'),
(374, 'Lote Rural 3 Bis'),
(732, 'Lote Rural 67'),
(570, 'Lote221'),
(610, 'Luis M. Paiva'),
(88, 'Luján'),
(640, 'Madres En Lucha'),
(518, 'Magin'),
(678, 'Majin'),
(309, 'Malvina'),
(49, 'Malvinas'),
(102, 'Malvinas Argentina'),
(371, 'Malvinas Argentinas'),
(103, 'Manuel Belgrano'),
(412, 'Marcial Rojas'),
(356, 'Margarita'),
(624, 'Maria Auxiliadora'),
(153, 'María Claret'),
(50, 'Mariano Moreno'),
(127, 'Matadero'),
(142, 'Matedero'),
(789, 'Matienzo'),
(397, 'Mbigua'),
(357, 'Mechero'),
(760, 'Melipal'),
(51, 'Militar'),
(469, 'Militar 2'),
(563, 'Mistol Ii'),
(173, 'Mitre'),
(428, 'Mojon De Fierro'),
(163, 'Mosconi'),
(531, 'Mujeres Argentinas'),
(196, 'Municipal'),
(130, 'Muñiz'),
(237, 'Nam Qom'),
(441, 'Nam Quom'),
(233, 'Namqom'),
(239, 'Namuncura'),
(52, 'Nanqom'),
(607, 'Navegacion Rio Bermejo'),
(104, 'Nazareno'),
(731, 'Nisbel Rivira'),
(124, 'No Definido'),
(439, 'No Especifica'),
(134, 'No Registra'),
(513, 'Norte'),
(506, 'Norte (ex Lote 33)'),
(495, 'Norte Bis'),
(372, 'Norte Ii'),
(278, 'Ns/nc'),
(131, 'Nueva Esperanza'),
(53, 'Nueva Formosa'),
(54, 'Nueva Pompeya'),
(675, 'Nuevo'),
(621, 'Nuevo Carmen'),
(343, 'NuÑez'),
(55, 'Obrero'),
(175, 'Otro'),
(599, 'Palermo'),
(451, 'Palo Santo'),
(729, 'Panaderia'),
(673, 'Paraje Bermejo'),
(362, 'Parque Avellaneda'),
(665, 'Parque Capital Sur'),
(265, 'Parque Industrial'),
(180, 'Parque Jardines'),
(510, 'Parque Norte'),
(295, 'Parque Urbano'),
(56, 'Parque Urbano I'),
(57, 'Parque Urbano II'),
(745, 'Parque Urbano III'),
(220, 'Pasaje Carlos  Ayala'),
(459, 'Pasaje Giacapello'),
(420, 'Pedro Montoya'),
(105, 'Pedro Montoya (ex 500 Viviendas)'),
(169, 'Pellegrini'),
(91, 'Piccilli'),
(667, 'Pilaga'),
(525, 'Pini Miranda'),
(419, 'Pio X'),
(58, 'Pio XI'),
(199, 'Pirane'),
(426, 'Planta Urbana'),
(633, 'Plaza'),
(106, 'Porteñito'),
(107, 'Porteño Norte'),
(108, 'Porteño Sur'),
(453, 'Porton Negro'),
(504, 'Porvenir'),
(388, 'Potrero Norte'),
(457, 'Presidente Hipolito Irigoyen'),
(578, 'Presidente Illia'),
(651, 'Primavera'),
(527, 'Primero De Mayo'),
(361, 'Pringles'),
(489, 'Proasi'),
(784, 'Procrear'),
(321, 'Provincial'),
(713, 'Provincias Unidas'),
(456, 'Pte Irigoyen'),
(243, 'Pte. Illia'),
(455, 'Puerto Irigoyen'),
(494, 'Puerto Madero'),
(705, 'Puerto Pilcomayo'),
(390, 'Qompi'),
(739, 'Rafael Castillo'),
(171, 'Recoleta'),
(59, 'Republica Argentina'),
(539, 'Ricardo Balbin'),
(60, 'Ricardo Balvin'),
(771, 'Rincón De Emilio'),
(781, 'Río Grande'),
(406, 'Rio Negro'),
(434, 'Rusia'),
(725, 'Ruta Nacional Nº 86'),
(342, 'Saavedra'),
(61, 'Sagrado Corazon'),
(631, 'Sagrado Corazón De Jesús'),
(249, 'Sagrado Corazon De Maria'),
(348, 'Samuel Guerrero'),
(644, 'San  Miguel'),
(62, 'San Agustin'),
(587, 'San Amrtin'),
(63, 'San Andres'),
(537, 'San Andres 2'),
(655, 'San Andrés I'),
(521, 'San Andres Ii'),
(250, 'San Anronio'),
(133, 'San Antonio'),
(709, 'San Antonio 2'),
(187, 'San Antonio Ii'),
(188, 'San Antonio Ii - Lote Rural N° 74'),
(401, 'San Baltazar'),
(636, 'San Bernardino Rivadavia'),
(480, 'San Blas'),
(109, 'San Cayetano'),
(64, 'San Francisco'),
(110, 'San Francisco De Asis (bolsón Grande)'),
(360, 'San Hilario'),
(337, 'San Isidro'),
(65, 'San Isidro Labrador'),
(184, 'San Jorge'),
(66, 'San Jose'),
(176, 'San Jose Obrero'),
(67, 'San Juan'),
(318, 'San Juan 2'),
(162, 'San Juan Bautista'),
(336, 'San Juan I'),
(150, 'San Juan Ii'),
(156, 'San Juan Norte'),
(635, 'San Justo'),
(212, 'San Lorenzo'),
(757, 'San Lorenzo Norte'),
(758, 'San Lorenzo Sur'),
(111, 'San Luis'),
(611, 'San M,artin'),
(68, 'San Martin'),
(790, 'San Martín 2'),
(70, 'San Miguel'),
(170, 'San Nicolás'),
(71, 'San Pedro'),
(392, 'San Pio'),
(404, 'San Pio X'),
(414, 'San Ramon'),
(152, 'San Roque'),
(112, 'San Vicente De Paul'),
(695, 'Santa Ana'),
(178, 'Santa Catalina'),
(301, 'Santa Fe'),
(772, 'Santa Genoveva'),
(72, 'Santa Isabel'),
(620, 'Santa Librada'),
(379, 'Santa Lucia'),
(113, 'Santa Margarita De Cortona'),
(114, 'Santa Maria'),
(286, 'Santa Rita'),
(73, 'Santa Rosa'),
(197, 'Santa Rosa De Lima'),
(576, 'Santa Teresa'),
(526, 'Santa Teresita'),
(574, 'Santiago Acosta'),
(407, 'Sarandi'),
(543, 'Sargento'),
(575, 'Sargento Acosta'),
(69, 'Sarmiento'),
(75, 'Simon Bolivar'),
(322, 'Sin Barrio'),
(656, 'Sin Especificaciones'),
(89, 'Sin Especificar'),
(650, 'Sin Especificat'),
(226, 'Sin Especificcar'),
(248, 'Sinespecificar'),
(708, 'Solares De La Rosa'),
(592, 'Solares La Rosa'),
(115, 'Soldado Jose Coronel'),
(345, 'Solidaridad'),
(654, 'Stella  Maris'),
(147, 'Stella Maris'),
(533, 'Stella Marys'),
(283, 'Sudamerica'),
(266, 'Sur'),
(135, 'Talar'),
(768, 'Terrazas Neuquén'),
(479, 'Textil'),
(116, 'Toba'),
(706, 'Tomas Riquelme'),
(712, 'Torre Del Litoral'),
(700, 'Tres Lagunas'),
(467, 'Tres Palmeritas'),
(524, 'Triangulo'),
(697, 'Unidad De Prevención Barrial 1-11-14'),
(161, 'Unido'),
(761, 'Unión De Mayo'),
(683, 'Urb.maradona'),
(548, 'Urbanizacion 12 De Octubre'),
(234, 'Urbanizacion España'),
(591, 'Urbanizacion La Maroma'),
(517, 'Urbanizacion Lisbel Rivira'),
(368, 'Urbanizacion Maradona'),
(716, 'Urbanizacion Rivira'),
(329, 'UrbanizaciÓn San Isidro'),
(649, 'Urbanizacion Stella Maris'),
(558, 'Urquiza'),
(559, 'Urquiza Y Mosconi'),
(76, 'Urunday'),
(751, 'Valentina Norte Rural'),
(752, 'Valentina Norte Urbana'),
(774, 'Valentina Sur Rural'),
(775, 'Valentina Sur Urbana'),
(77, 'Venezuela'),
(302, 'Venezuela 68'),
(78, 'Vial'),
(618, 'Vialidad'),
(358, 'Vicente Posadas'),
(740, 'Vicente Solano'),
(741, 'Vicente Solano Lima'),
(228, 'Vicentín'),
(446, 'Viejo'),
(541, 'Villa Belgrano'),
(764, 'Villa Ceferino'),
(585, 'Villa Constitucion'),
(333, 'Villa De Luján'),
(195, 'Villa Del Carmen'),
(79, 'Villa del Rosario'),
(664, 'Villa Dos Trece'),
(773, 'Villa Farrell'),
(777, 'Villa Florencia'),
(80, 'Villa Hermosa'),
(81, 'Villa Jardin'),
(666, 'Villa La Florida'),
(200, 'Villa La Pilar'),
(82, 'Villa Lourdes'),
(523, 'Villa Mabel'),
(595, 'Villa Margarita'),
(780, 'Villa María'),
(738, 'Villa Martelli'),
(742, 'Villa Valeria'),
(445, 'Virgen De Caacupe'),
(341, 'Virgen De Itati'),
(277, 'Virgen De Lourdes'),
(84, 'Virgen del Carmen'),
(83, 'Virgen del Lujan'),
(85, 'Virgen del Pilar'),
(146, 'Virgen Del Rosario'),
(317, 'Virgen Niña'),
(565, 'Viviendas'),
(564, 'Viviendas San Martín Ii'),
(215, 'Wichi'),
(298, 'Wilde'),
(626, 'Ybyrá Pytá'),
(473, 'Ypf'),
(693, 'Z');

-- --------------------------------------------------------

--
-- Estructura de tabla para la tabla `departamentos`
--

CREATE TABLE `departamentos` (
  `id_departamento` int(5) NOT NULL,
  `id_provincia` int(5) NOT NULL,
  `descripcion` varchar(100) NOT NULL
) ENGINE=InnoDB DEFAULT CHARSET=utf8 COLLATE=utf8_general_ci COMMENT='Descripcion de Departamentos/Region por Provincia/Estado';

--
-- Volcado de datos para la tabla `departamentos`
--

INSERT INTO `departamentos` (`id_departamento`, `id_provincia`, `descripcion`) VALUES
(1, 9, 'Bermejo'),
(2, 9, 'Formosa'),
(3, 9, 'Laishi'),
(4, 9, 'Matacos'),
(5, 9, 'Patiño'),
(6, 9, 'Pilagas'),
(7, 9, 'Pilcomayo'),
(8, 9, 'Pirane'),
(9, 9, 'Ramon Lista'),
(10, 25, 'Paisandu'),
(11, 1, 'Buenos Aires'),
(12, 3, 'Almirante Brown'),
(14, 3, 'Chacabuco'),
(15, 3, 'Comandante Fernández'),
(16, 3, 'Doce de Octubre'),
(17, 3, 'Dos de Abril'),
(18, 3, 'Fray Justo Santa María de Oro'),
(19, 3, 'General Belgrano'),
(20, 3, 'General Donovan'),
(21, 3, 'General Güemes'),
(22, 3, 'Independencia'),
(23, 3, 'Libertad'),
(24, 3, 'Libertador General San Martín'),
(25, 3, 'Maipú'),
(26, 3, 'Mayor Luis Jorge Fontana'),
(27, 3, 'Nueve de Julio'),
(28, 3, 'O\'Higgins'),
(29, 3, 'Presidencia de la Plaza'),
(30, 3, 'Primero de Mayo'),
(31, 3, 'Quitilipi'),
(32, 3, 'San Fernando'),
(33, 3, 'San Lorenzo'),
(34, 3, 'Sargento Cabral'),
(35, 3, 'Tapenagá'),
(36, 3, 'Veinticinco de Mayo'),
(37, 5, 'Ciudad Autónoma De Buenos Aires'),
(38, 1, 'La Plata'),
(39, 10, 'Tilcara'),
(40, 20, 'Rio Gallegos'),
(43, 6, 'Cordoba'),
(44, 3, 'Resistencia'),
(46, 17, 'Salta'),
(47, 21, 'Santa Fe'),
(53, 21, 'Rosario'),
(55, 21, 'Sin Especificar'),
(60, 6, 'San Francisco'),
(61, 6, 'San Justo'),
(62, 32, 'Hipolito Irigoyen'),
(67, 26, 'Porton Negro'),
(68, 7, 'Corrientes'),
(70, 33, 'San Ramon De Nueva Oran'),
(73, 33, 'Oran'),
(75, 34, 'Santo Tome'),
(77, 28, 'Pinamar'),
(78, 21, 'Castellanos'),
(81, 14, 'Aristóbulo Del Valle'),
(82, 3, 'Bermejo'),
(83, 6, 'Colón'),
(84, 1, 'Capital Federal'),
(85, 1, 'Malvinas Argentinas'),
(86, 4, 'Biedma'),
(87, 4, 'Cushamen'),
(88, 4, 'Rawson'),
(89, 4, 'Escalante'),
(90, 4, 'Sarmiento'),
(91, 4, 'Florentino Ameghino'),
(92, 4, 'Futaleufú'),
(93, 4, 'Gaiman'),
(94, 4, 'Gastre'),
(95, 4, 'Languiñeo'),
(96, 4, 'Mártires'),
(97, 4, 'Paso De Indios'),
(98, 4, 'Río Senguer'),
(99, 4, 'Tehuelches'),
(100, 4, 'Telsen'),
(101, 23, 'Rio Grande'),
(102, 23, 'Ushuaia'),
(103, 10, 'San Salvador De Jujuy'),
(104, 8, 'Concepción Del Uruguay'),
(105, 7, 'Bella Vista'),
(106, 7, 'Concepción'),
(107, 7, 'Curuzú Cuatiá'),
(108, 7, 'Empedrado'),
(109, 7, 'Esquina'),
(110, 7, 'General Alvear'),
(111, 7, 'General Paz'),
(112, 7, 'Goya'),
(113, 7, 'Itatí'),
(114, 7, 'Ituzaingó'),
(115, 7, 'Lavalle'),
(116, 7, 'Mburucuyá'),
(117, 7, 'Mercedes'),
(118, 7, 'Monte Caseros'),
(119, 7, 'Paso De Los Libres'),
(120, 7, 'Saladas'),
(121, 7, 'San Cosme'),
(122, 7, 'San Luis Del Palmar'),
(123, 7, 'San Martín'),
(124, 7, 'San Miguel'),
(125, 7, 'San Roque'),
(126, 7, 'Santo Tomé'),
(127, 7, 'Sauce'),
(128, 7, 'Berón De Astrada'),
(129, 13, 'Mendoza'),
(130, 13, 'Capital'),
(131, 14, 'Apóstoles'),
(132, 14, 'Cainguás'),
(133, 14, 'Candelaria'),
(134, 14, 'Capital'),
(135, 14, 'Concepción'),
(136, 14, 'Eldorado'),
(137, 14, 'General Manuel Belgrano'),
(138, 14, 'Guaraní'),
(139, 14, 'Iguazú'),
(140, 14, 'Leandro N. Alem'),
(141, 14, 'Libertador General San Martín'),
(142, 14, 'Montecarlo'),
(143, 14, 'Oberá'),
(144, 14, 'San Ignacio'),
(145, 14, 'San Javier'),
(146, 14, 'San Pedro'),
(147, 14, 'Veinticinco De Mayo'),
(148, 1, 'Campana'),
(149, 17, 'Anta'),
(150, 17, 'Cachi'),
(151, 17, 'Cafayate'),
(152, 17, 'Cerrillos'),
(153, 17, 'Chicoana'),
(154, 17, 'General Güemes'),
(155, 17, 'General José De San Martín'),
(156, 17, 'Guachipas'),
(157, 17, 'Iruya'),
(158, 17, 'La Caldera'),
(159, 17, 'La Candelaria'),
(160, 17, 'La Poma'),
(161, 17, 'La Viña'),
(162, 17, 'Los Andes'),
(163, 17, 'Metán'),
(164, 17, 'Molinos'),
(165, 17, 'Orán'),
(166, 17, 'Rivadavia'),
(167, 17, 'Rosario De La Frontera'),
(168, 17, 'Rosario De Lerma'),
(169, 17, 'San Carlos'),
(170, 17, 'Santa Victoria'),
(171, 13, 'General Alvear'),
(172, 13, 'Godoy Cruz'),
(173, 13, 'Guaymallén'),
(174, 13, 'Junín'),
(175, 13, 'La Paz'),
(176, 13, 'Las Heras'),
(177, 13, 'Lavalle'),
(178, 13, 'Luján De Cuyo'),
(179, 13, 'Maipú'),
(180, 13, 'Malargüe'),
(181, 13, 'Rivadavia'),
(182, 13, 'San Carlos'),
(183, 13, 'San Martín'),
(184, 13, 'San Rafael'),
(185, 13, 'Santa Rosa'),
(186, 13, 'Tunuyán'),
(187, 13, 'Tupungato'),
(188, 4, 'Puerto Madryn'),
(189, 8, 'Gualeguay'),
(190, 16, 'General Roca'),
(191, 1, 'Partido De Moreno'),
(192, 9, 'Sin Especificar'),
(193, 10, 'Doctor Manuel Belgrano'),
(194, 1, 'Sin Especificar'),
(195, 22, 'Sin Especificar'),
(196, 1, 'Ciudad Autonoma De Buenos Aires'),
(197, 14, 'Posadas'),
(198, 14, 'Sin Especificar'),
(199, 6, 'Punilla'),
(200, 24, 'Sin Especificar'),
(201, 30, 'Presidente Hayes'),
(202, 29, 'Asunción'),
(203, 29, 'Concepción'),
(204, 29, 'Cordillera'),
(205, 29, 'San Pedro'),
(206, 29, 'Guairá'),
(207, 29, 'Caaguazú'),
(208, 29, 'Caazapá'),
(209, 29, 'Itapúa'),
(210, 29, 'Misiones'),
(211, 29, 'Paraguarí'),
(212, 29, 'Alto Paraná'),
(213, 29, 'Central'),
(214, 29, 'Ñeembucú'),
(215, 29, 'Amambay'),
(216, 29, 'Canindeyú'),
(217, 30, 'Boquerón'),
(218, 30, 'Alto Paraguay'),
(219, 8, 'Colon'),
(220, 32, 'Barcelona'),
(221, 31, 'Barcelona'),
(222, 7, 'Saladas'),
(223, 18, 'Chimbas'),
(224, 15, 'Confluencia'),
(225, 15, 'Aluminé'),
(226, 15, 'Añelo'),
(227, 15, 'Catán Lil'),
(228, 15, 'Chos Malal'),
(229, 15, 'Collón Curá'),
(230, 15, 'Huiliches'),
(231, 15, 'Lácar'),
(232, 15, 'Loncopué'),
(233, 15, 'Los Lagos'),
(234, 15, 'Minas'),
(235, 15, 'Ñorquín'),
(236, 15, 'Pehuenches'),
(237, 15, 'Picún Leufú'),
(238, 15, 'Picunches'),
(239, 15, 'Zapala'),
(240, 19, '-');

-- --------------------------------------------------------

--
-- Estructura de tabla para la tabla `domicilios_atributos`
--

CREATE TABLE `domicilios_atributos` (
  `id_domicilio_atributo` int(11) NOT NULL,
  `id_persona_domicilio` int(11) NOT NULL,
  `id_tipoAtributo` int(11) NOT NULL,
  `valor` varchar(100) NOT NULL
) ENGINE=InnoDB DEFAULT CHARSET=utf8mb4 COLLATE=utf8mb4_general_ci;

-- --------------------------------------------------------

--
-- Estructura de tabla para la tabla `localidades`
--

CREATE TABLE `localidades` (
  `id_localidad` int(5) NOT NULL,
  `id_departamento` int(5) NOT NULL,
  `descripcion` varchar(100) NOT NULL
) ENGINE=InnoDB DEFAULT CHARSET=utf8 COLLATE=utf8_spanish_ci;

--
-- Volcado de datos para la tabla `localidades`
--

INSERT INTO `localidades` (`id_localidad`, `id_departamento`, `descripcion`) VALUES
(1, 2, 'Colonia Pastoril'),
(2, 2, 'Formosa'),
(3, 2, 'Gran Guardia'),
(4, 2, 'Mariano Boedo'),
(5, 2, 'Mojon de Fierro'),
(6, 2, 'San Hilario'),
(7, 2, 'Villa Del Carmen'),
(8, 2, 'Villa Trinidad'),
(9, 10, 'Puerto Tequila'),
(10, 11, 'Almirante Brown'),
(11, 11, 'Avellaneda'),
(12, 11, 'Berazategui'),
(13, 11, 'Esteban Echeverría'),
(14, 11, 'Ezeiza'),
(15, 11, 'Florencio Varela'),
(16, 11, 'General San Martín'),
(17, 11, 'Hurlingham'),
(18, 11, 'Ituzaingó'),
(19, 11, 'José C. Paz'),
(20, 11, 'La Matanza'),
(21, 11, 'Lanús'),
(22, 11, 'Lomas de Zamora'),
(23, 11, 'Malvinas Argentinas'),
(24, 11, 'Merlo'),
(25, 11, 'Moreno'),
(26, 11, 'Morón'),
(27, 11, 'Quilmes'),
(28, 11, 'San Fernando'),
(29, 11, 'San Isidro'),
(30, 11, 'San Miguel'),
(31, 11, 'Tigre'),
(32, 11, 'Tres de Febrero'),
(33, 11, 'Vicente López'),
(34, 32, 'Resistencia'),
(35, 8, 'Pirane'),
(36, 1, 'Laguna Yema'),
(37, 1, 'Los Chiriguanos'),
(38, 1, 'Pozo de Maza'),
(39, 1, 'Pozo del Mortero'),
(40, 3, 'Banco Payaguá'),
(41, 3, 'General Lucio V. Mansilla'),
(42, 3, 'Herradura'),
(43, 3, 'Misión San Francisco de Laishi'),
(44, 3, 'Tatané'),
(45, 3, 'Villa Escolar'),
(46, 9, 'El Potrillo'),
(47, 9, 'General Mosconi'),
(48, 8, 'El Colorado'),
(49, 8, 'Mayor Vicente Villafañe'),
(50, 8, 'Palo Santo'),
(51, 8, 'Villa Dos Trece'),
(52, 4, 'Ingeniero Juárez'),
(53, 5, 'Bartolomé de las Casas'),
(54, 5, 'Colonia Sarmiento'),
(55, 5, 'Comandante Fontana'),
(56, 5, 'El Recreo'),
(57, 5, 'Estanislao del Campo'),
(58, 5, 'Fortín Leyes'),
(59, 5, 'Fortín Lugones'),
(60, 5, 'General Manuel Belgrano'),
(61, 5, 'Ibarreta'),
(62, 5, 'Juan G. Bazán'),
(63, 5, 'Las Lomitas'),
(64, 5, 'Posta Cambio Zalazar'),
(65, 5, 'Pozo del Tigre'),
(66, 5, 'San Martín 1'),
(67, 5, 'San Martín 2'),
(68, 5, 'Subteniente Perín'),
(69, 5, 'Villa General Güemes'),
(70, 6, 'Buena Vista'),
(71, 6, 'El Espinillo'),
(72, 6, 'Laguna de Gallo'),
(73, 6, 'Misión Tacaaglé'),
(74, 6, 'Portón Negro'),
(75, 6, 'Tres Lagunas'),
(76, 7, 'Clorinda'),
(77, 7, 'Laguna Blanca'),
(78, 7, 'Laguna Naick Neck'),
(79, 7, 'Palma Sola'),
(80, 7, 'Puerto Pilcomayo'),
(81, 7, 'Riacho He-Hé'),
(82, 7, 'Riacho Negro'),
(83, 7, 'Siete Palmas'),
(85, 14, 'Charata'),
(86, 37, 'Ciudad Autónoma De Buenos Aires'),
(87, 11, 'La Plata'),
(88, 38, 'Sin Especificar'),
(90, 40, 'Rio Gallegos'),
(91, 2, 'Capital'),
(95, 43, 'Córdoba'),
(97, 1, 'Tres Pozos'),
(98, 7, 'El Paraiso'),
(100, 2, 'Pilcomayo'),
(103, 46, 'Salta'),
(104, 47, 'Santa Fe'),
(105, 47, 'Vera'),
(108, 51, 'Buenos Aires'),
(112, 53, 'Rosario'),
(121, 58, 'San Lorenzo'),
(125, 48, 'Villafañe'),
(128, 60, 'San Francisco'),
(130, 57, 'Lucio V. Mansilla'),
(131, 62, 'Hipolito Irigoyen'),
(136, 37, 'Capital Federal'),
(138, 8, 'Potrero Norte'),
(139, 68, 'Corrientes'),
(141, 70, 'San Ramon De Nueva Oran'),
(145, 75, 'Santo Tome'),
(147, 49, 'Mision Laishi'),
(149, 7, 'Tres Lagunas'),
(150, 77, 'Pinamar'),
(154, 78, 'Sunchales'),
(157, 56, 'Belgrano'),
(159, 9, 'El Quebracho'),
(161, 3, 'Laishi'),
(162, 80, 'Aristóbulo Del Valle'),
(166, 3, 'Mansilla'),
(167, 57, 'San Francisco De Laishi'),
(170, 11, 'Buenos Aires'),
(171, 82, 'La Leonesa'),
(172, 83, 'Jesús María'),
(173, 84, 'Capital Federal'),
(174, 9, 'Lote 8'),
(175, 85, 'Villa De Mayo'),
(176, 87, 'Cerro Radal'),
(177, 87, 'Lago Puelo'),
(178, 8, 'Lomas Del Monte Lindo'),
(179, 101, 'Rio Grande'),
(180, 102, 'Ushuaia'),
(181, 44, 'Sin Especificar'),
(182, 103, 'San Salvador De Jujuy'),
(183, 104, 'Concepción Del Uruguay'),
(184, 105, 'Bella Vista'),
(185, 128, 'Berón De Astrada'),
(186, 128, 'Yahapé'),
(187, 68, 'Laguna Brava'),
(188, 68, 'Riachuelo'),
(189, 68, 'San Cayetano'),
(190, 106, 'Concepción'),
(191, 106, 'Santa Rosa'),
(192, 106, 'Tabay'),
(193, 106, 'Tatacuá'),
(194, 107, 'Cazadores Correntinos'),
(195, 107, 'Curuzú Cuatiá'),
(196, 107, 'Perugorría'),
(197, 108, 'El Sombrero'),
(198, 108, 'Empedrado'),
(199, 109, 'Esquina'),
(200, 109, 'Pueblo Libertador'),
(201, 110, 'Alvear'),
(202, 110, 'Estación Torrent'),
(203, 111, 'Itá Ibaté'),
(204, 111, 'Lomas De Vallejos'),
(205, 111, 'Nuestra Señora Del Rosario De Caá Catí'),
(206, 111, 'Palmar Grande'),
(207, 112, 'Carolina'),
(208, 112, 'Goya'),
(209, 113, 'Ramada Paso'),
(210, 113, 'Itatí'),
(211, 114, 'Colonia Liebig\'s'),
(212, 114, 'Ituzaingó'),
(213, 114, 'San Antonio'),
(214, 114, 'San Carlos'),
(215, 114, 'Villa Olivari'),
(216, 115, 'Cruz De Los Milagros'),
(217, 115, 'Lavalle'),
(218, 115, 'Gobernador Juan E. Martínez'),
(219, 115, 'Santa Lucía'),
(220, 115, 'Villa Córdoba'),
(221, 115, 'Yatayti Calle'),
(222, 116, 'Mburucuyá'),
(223, 117, 'Felipe Yofre'),
(224, 117, 'Mariano I. Loza (est. Justino Solari)'),
(225, 117, 'Mercedes'),
(226, 118, 'Colonia Libertad'),
(227, 118, 'Estación Libertad'),
(228, 118, 'Juan Pujol'),
(229, 118, 'Mocoretá'),
(230, 118, 'Monte Caseros'),
(231, 118, 'Parada Acuña'),
(232, 118, 'Parada Labougle'),
(233, 119, 'Bonpland'),
(234, 119, 'Parada Pucheta'),
(235, 119, 'Paso De Los Libres'),
(236, 119, 'Tapebicuá'),
(237, 120, 'Saladas'),
(238, 120, 'San Lorenzo'),
(239, 121, 'Ingenio Primer Correntino'),
(240, 121, 'Paso De La Patria'),
(241, 121, 'San Cosme'),
(242, 121, 'Santa Ana'),
(243, 122, 'San Luis Del Palmar'),
(244, 123, 'Colonia Carlos Pellegrini'),
(245, 123, 'Guaviraví'),
(246, 123, 'La Cruz'),
(247, 123, 'Yapeyú'),
(248, 124, 'Loreto'),
(249, 124, 'San Miguel'),
(250, 125, '9 De Julio (est. Pueblo 9 De Julio)'),
(251, 125, 'Chavarría'),
(252, 125, 'Colonia Pando'),
(253, 125, 'Pedro R. Fernández (est. Manuel F. Mantilla)'),
(254, 125, 'San Roque'),
(255, 126, 'Garruchos'),
(256, 126, 'Gobernador Igr. Valentín Virasoro'),
(257, 126, 'José Rafael Gómez (garabí)'),
(258, 126, 'Santo Tomé'),
(259, 126, 'Sauce'),
(260, 127, 'Sin Especificar'),
(261, 129, 'Mendoza'),
(262, 130, 'Mendoza'),
(263, 12, 'Concepción Del Bermejo'),
(264, 12, 'Los Frentones'),
(265, 12, 'Pampa Del Infierno'),
(266, 12, 'Río Muerto'),
(267, 12, 'Taco Pozo'),
(268, 82, 'General Vedia'),
(269, 82, 'Isla Del Cerrito'),
(270, 82, 'Las Palmas'),
(271, 82, 'Puerto Bermejo'),
(272, 82, 'Puerto Eva Perón'),
(273, 15, 'Presidencia Roque Sáenz Peña'),
(274, 16, 'Gancedo'),
(275, 16, 'General Capdevila'),
(276, 16, 'General Pinedo'),
(277, 16, 'Mesón De Fierro'),
(278, 16, 'Pampa Landriel'),
(279, 17, 'Hermoso Campo'),
(280, 17, 'Itín'),
(281, 18, 'Chorotis'),
(282, 18, 'Santa Sylvina'),
(283, 18, 'Venados Grandes'),
(284, 19, 'Corzuela'),
(285, 20, 'La Escondida'),
(286, 20, 'Lapachito'),
(287, 20, 'La Verde'),
(288, 20, 'Makallé'),
(289, 21, 'El Espinillo'),
(290, 21, 'El Sauzal'),
(291, 21, 'El Sauzalito'),
(292, 21, 'Fortín Lavalle'),
(293, 21, 'Fuerte Esperanza'),
(294, 21, 'Juan José Castelli'),
(295, 21, 'Miraflores'),
(296, 21, 'Nueva Pompeya'),
(297, 21, 'Villa Río Bermejito'),
(298, 21, 'Wichí'),
(299, 21, 'Zaparinqui'),
(300, 22, 'Avia Terai'),
(301, 22, 'Campo Largo'),
(302, 22, 'Fortín Las Chuñas'),
(303, 22, 'Napenay'),
(304, 23, 'Colonia Popular'),
(305, 23, 'Estación General Obligado'),
(306, 23, 'Laguna Blanca'),
(307, 23, 'Puerto Tirol'),
(308, 24, 'Ciervo Petiso'),
(309, 24, 'General José De San Martín'),
(310, 24, 'La Eduvigis'),
(311, 24, 'Laguna Limpia'),
(312, 24, 'Pampa Almirón'),
(313, 24, 'Pampa Del Indio'),
(314, 24, 'Presidencia Roca'),
(315, 24, 'Selvas Del Río De Oro'),
(316, 25, 'Tres Isletas'),
(317, 26, 'Coronel Du Graty'),
(318, 26, 'Enrique Urién'),
(319, 26, 'Villa Ángela'),
(320, 27, 'Las Breñas'),
(321, 28, 'La Clotilde'),
(322, 28, 'La Tigra'),
(323, 28, 'San Bernardo'),
(324, 29, 'Presidencia De La Plaza'),
(325, 30, 'Barrio De Los Pescadores'),
(326, 30, 'Colonia Benítez'),
(327, 30, 'Margarita Belén'),
(328, 31, 'Quitilipi'),
(329, 31, 'Villa El Palmar'),
(330, 32, 'Barranqueras'),
(331, 32, 'Basail'),
(332, 32, 'Colonia Baranda'),
(333, 32, 'Fontana'),
(334, 32, 'Puerto Vilelas'),
(335, 33, 'Samuhú'),
(336, 33, 'Villa Berthet'),
(337, 34, 'Capitán Solari'),
(338, 34, 'Colonia Elisa'),
(339, 34, 'Colonias Unidas'),
(340, 34, 'Ingeniero Barbet'),
(341, 34, 'Las Garcitas'),
(342, 35, 'Charadai'),
(343, 35, 'Cote Lai'),
(344, 35, 'Haumonía'),
(345, 35, 'Horquilla'),
(346, 35, 'La Sabana'),
(347, 36, 'Colonia Aborigen'),
(348, 36, 'Machagai'),
(349, 36, 'Napalpí'),
(350, 131, 'Apóstoles'),
(351, 131, 'Azara'),
(352, 131, 'Barrio Rural'),
(353, 131, 'Estación Apóstoles'),
(354, 131, 'Pindapoy'),
(355, 131, 'Rincón De Azara (puerto Azara)'),
(356, 131, 'San José'),
(357, 131, 'Tres Capones'),
(358, 132, '1º De Mayo'),
(359, 132, 'Aristóbulo Del Valle'),
(360, 132, 'Campo Grande'),
(361, 132, 'Dos De Mayo'),
(362, 132, 'Dos De Mayo Núcleo Iii (barrio Bernardino Rivadavia)'),
(363, 132, 'Kilómetro 17'),
(364, 132, 'Pueblo Illia'),
(365, 132, 'Salto Encantado'),
(366, 133, 'Barrio Del Lago'),
(367, 133, 'Bonpland'),
(368, 133, 'Candelaria'),
(369, 133, 'Cerro Corá'),
(370, 133, 'Loreto'),
(371, 133, 'Mártires'),
(372, 133, 'Profundidad'),
(373, 133, 'Puerto Santa Ana'),
(374, 133, 'Santa Ana'),
(375, 134, 'Barrio Nuevo Garupa'),
(376, 134, 'Garupá'),
(377, 134, 'Nemesio Parma'),
(378, 134, 'Posadas'),
(379, 135, 'Barra Concepción'),
(380, 135, 'La Corita'),
(381, 135, 'Concepción De La Sierra'),
(382, 135, 'Santa María'),
(383, 136, '9 De Julio Kilómetro 20'),
(384, 136, '9 De Julio Kilómetro 28'),
(385, 136, 'Colonia Victoria'),
(386, 136, 'Eldorado'),
(387, 136, 'María Magdalena (colonia Delicia)'),
(388, 136, 'Nueva Delicia'),
(389, 136, 'Pueblo Nuevo'),
(390, 136, 'Puerto Mado'),
(391, 136, 'Puerto Pinares'),
(392, 136, 'Santiago De Liniers'),
(393, 136, 'Valle Hermoso'),
(394, 136, 'Villa Roulet'),
(395, 137, 'Bernardo De Irigoyen'),
(396, 137, 'Caburei'),
(397, 137, 'Comandante Andresito (almirante Brown)'),
(398, 137, 'Dos Hermanas'),
(399, 137, 'Integración'),
(400, 137, 'Piñalito Norte'),
(401, 137, 'Puerto Andresito'),
(402, 137, 'Puerto Deseado'),
(403, 137, 'San Antonio'),
(404, 138, 'El Soberbio'),
(405, 138, 'Fracrán'),
(406, 138, 'San Vicente'),
(407, 139, 'Colonia Wanda'),
(408, 139, 'Puerto Esperanza'),
(409, 139, 'Puerto Iguazú'),
(410, 139, 'Puerto Libertad'),
(411, 139, 'Villa Cooperativa'),
(412, 140, 'Almafuerte'),
(413, 140, 'Arroyo Del Medio'),
(414, 140, 'Caá - Yarí'),
(415, 140, 'Cerro Azul'),
(416, 140, 'Dos Arroyos'),
(417, 140, 'Gobernador López'),
(418, 140, 'Leandro N. Alem'),
(419, 140, 'Olegario V. Andrade'),
(420, 140, 'Villa Libertad (municipio Caá Yarí)'),
(421, 141, 'Capioví'),
(422, 141, 'Copioviciño'),
(423, 141, 'El Alcázar'),
(424, 141, 'Garuhapé'),
(425, 141, 'Mbopicuá'),
(426, 141, 'Puerto Leoni'),
(427, 141, 'Puerto Rico'),
(428, 141, 'Ruiz De Montoya'),
(429, 141, 'San Alberto'),
(430, 141, 'San Gotardo'),
(431, 141, 'San Miguel (garuhapé-mi)'),
(432, 141, 'Villa Akerman'),
(433, 141, 'Villa Urrutia'),
(434, 142, 'Barrio Cuatro Bocas'),
(435, 142, 'Barrio Guatambú'),
(436, 142, 'Barrio Itá'),
(437, 142, 'Caraguatay'),
(438, 142, 'Laharrague'),
(439, 142, 'Montecarlo'),
(440, 142, 'Piray Kilómetro 18'),
(441, 142, 'Puerto Piray'),
(442, 142, 'Tarumá'),
(443, 142, 'Villa Parodi'),
(444, 143, 'Barrio Escuela 461'),
(445, 143, 'Barrio Escuela 633'),
(446, 143, 'Campo Ramón'),
(447, 143, 'Campo Viera'),
(448, 143, 'Colonia Alberdi'),
(449, 143, 'El Salto'),
(450, 143, 'General Alvear'),
(451, 143, 'Guaraní'),
(452, 143, 'Los Helechos'),
(453, 143, 'Oberá'),
(454, 143, 'Panambí'),
(455, 143, 'San Martín'),
(456, 143, 'Villa Bonita'),
(457, 144, 'Barrio Tungoil'),
(458, 144, 'Colonia Polana'),
(459, 144, 'Corpus'),
(460, 144, 'Domingo Savio'),
(461, 144, 'General Urquiza'),
(462, 144, 'Gobernador Roca'),
(463, 144, 'Helvecia (barrio Eva Perón)'),
(464, 144, 'Hipólito Yrigoyen'),
(465, 144, 'Jardín América'),
(466, 144, 'Oasis'),
(467, 144, 'Roca Chica'),
(468, 144, 'San Ignacio'),
(469, 144, 'Santo Pipó'),
(470, 145, 'Florentino Ameghino'),
(471, 145, 'Itacaruaré'),
(472, 145, 'Mojón Grande'),
(473, 145, 'San Javier'),
(474, 146, 'Cruce Caballero'),
(475, 146, 'Paraíso'),
(476, 146, 'Piñalito Sur'),
(477, 146, 'San Pedro'),
(478, 146, 'Tobuna'),
(479, 147, 'Villa Veinticinco De Mayo'),
(480, 147, 'Alba Posse'),
(481, 147, 'Alicia'),
(482, 147, 'Colonia Aurora'),
(483, 147, 'San Francisco De Asís'),
(484, 147, 'Santa Rita'),
(485, 148, 'Zárate'),
(486, 149, 'Apolinario Saravia'),
(487, 149, 'Ceibalito'),
(488, 149, 'Centro 25 De Junio'),
(489, 149, 'Coronel Mollinedo'),
(490, 149, 'Coronel Olleros'),
(491, 149, 'El Quebrachal'),
(492, 149, 'Gaona'),
(493, 149, 'General Pizarro'),
(494, 149, 'Joaquín V. González'),
(495, 149, 'Las Lajitas'),
(496, 149, 'Luis Burela'),
(497, 149, 'Macapillo'),
(498, 149, 'Nuestra Señora De Talaveranuestra Señora De Talavera'),
(499, 149, 'Piquete Cabado'),
(500, 149, 'Río Del Valle'),
(501, 149, 'Tolloche'),
(502, 150, 'Cachi'),
(503, 150, 'Payogasta'),
(504, 151, 'Cafayate'),
(505, 151, 'Tolombóm'),
(506, 46, 'Atocha'),
(507, 46, 'La Ciénaga Y Barrio San Rafael'),
(508, 46, 'Las Costas'),
(509, 46, 'Villa San Lorenzo'),
(510, 152, 'Cerrillos'),
(511, 152, 'La Merced'),
(512, 152, 'San Agustín'),
(513, 152, 'Villa Los Álamos'),
(514, 153, 'Barrio Finca La Maroma'),
(515, 153, 'Barrio La Rotonda'),
(516, 153, 'Barrio Santa Teresita'),
(517, 153, 'Chicoana'),
(518, 153, 'El Carril'),
(519, 154, 'Campo Santo'),
(520, 154, 'Cobos'),
(521, 154, 'El Bordo'),
(522, 154, 'General Güemes'),
(523, 155, 'Aguaray'),
(524, 155, 'Campamento Vespucio'),
(525, 155, 'Campichuelo'),
(526, 155, 'Campo Durán'),
(527, 155, 'Capiazuti'),
(528, 155, 'Carboncito'),
(529, 155, 'Coronel Cornejo'),
(530, 155, 'Dragones'),
(531, 155, 'Embarcación'),
(532, 155, 'General Ballivián'),
(533, 155, 'General Mosconi'),
(534, 155, 'Hickman'),
(535, 155, 'Misión Chaqueña'),
(536, 155, 'Misión El Cruce'),
(537, 155, 'Misión Kilómetro 6'),
(538, 155, 'Pacará'),
(539, 155, 'Padre Lozano'),
(540, 155, 'Piquirenda'),
(541, 155, 'Profesor Salvador Mazza'),
(542, 155, 'Tartagal'),
(543, 155, 'Tobantirenda'),
(544, 155, 'Tranquitas'),
(545, 155, 'Yacuy'),
(546, 156, 'Guachipas'),
(547, 157, 'Iruya'),
(548, 157, 'Isla De Cañas'),
(549, 157, 'Pueblo Viejo'),
(550, 158, 'La Caldera'),
(551, 158, 'Vaqueros'),
(552, 159, 'El Jardín'),
(553, 159, 'El Tala'),
(554, 159, 'La Candelaria'),
(555, 160, 'Cobres'),
(556, 160, 'La Poma'),
(557, 161, 'Ampascachi'),
(558, 161, 'Cabra Corral'),
(559, 161, 'Coronel Moldes'),
(560, 161, 'La Viña'),
(561, 161, 'Talapampa'),
(562, 162, 'Olacapato'),
(563, 162, 'San Antonio De Los Cobres'),
(564, 162, 'Santa Rosa De Los Pastos Grandes'),
(565, 162, 'Tolar Grande'),
(566, 163, 'El Galpón'),
(567, 163, 'El Tunal'),
(568, 163, 'Lumbreras'),
(569, 163, 'Metán'),
(570, 163, 'Río Piedras'),
(571, 163, 'San José De Metán'),
(572, 163, 'San José De Orquera'),
(573, 164, 'La Puerta'),
(574, 164, 'Molinos'),
(575, 164, 'Seclantás'),
(576, 165, 'Aguas Blancas'),
(577, 165, 'Colonia Santa Rosa'),
(578, 165, 'El Tabacal'),
(579, 165, 'Hipólito Yrigoyen'),
(580, 165, 'Pichanal'),
(581, 165, 'San Ramón De La Nueva Orán'),
(582, 165, 'Urundel'),
(583, 166, 'Alto De La Sierra'),
(584, 166, 'Capitán Juan Pagé'),
(585, 166, 'Coronel Juan Solá'),
(586, 166, 'Hito 1'),
(587, 166, 'La Unión'),
(588, 166, 'Los Blancos'),
(589, 166, 'Pluma De Pato'),
(590, 166, 'Rivadavia'),
(591, 166, 'Santa María'),
(592, 166, 'Santa Rosa'),
(593, 166, 'Santa Victoria Este'),
(594, 167, 'Antilla'),
(595, 167, 'Copo Quile'),
(596, 167, 'El Naranjo'),
(597, 167, 'El Potrero'),
(598, 167, 'Rosario De La Frontera'),
(599, 167, 'San Felipe'),
(600, 168, 'Campo Quijano'),
(601, 168, 'La Merced Del Encón'),
(602, 168, 'La Silleta'),
(603, 168, 'Rosario De Lerma'),
(604, 169, 'Angastaco'),
(605, 169, 'Animaná'),
(606, 169, 'El Barrial'),
(607, 169, 'San Carlos'),
(608, 170, 'Acoyte'),
(609, 170, 'Campo La Cruz'),
(610, 170, 'Los Toldos'),
(611, 170, 'Nazareno'),
(612, 170, 'Poscaya'),
(613, 170, 'San Marcos'),
(614, 170, 'Santa Victoria'),
(615, 9, 'María Cristina'),
(616, 171, 'Bowen'),
(617, 171, 'Carmensa'),
(618, 171, 'General Alvear'),
(619, 171, 'Los Compartos'),
(620, 172, 'Godoy Cruz'),
(621, 173, 'Colonia Segovia'),
(622, 173, 'Guaymallén'),
(623, 7, 'Colonia La Primavera'),
(624, 188, 'Puerto Madryn'),
(625, 86, 'Puerto Madryn'),
(626, 189, 'Gualeguay'),
(627, 190, 'Cipolletti'),
(628, 38, 'La Plata'),
(629, 191, 'Paso Del Rey'),
(630, 39, 'Tilcara'),
(631, 2, 'El Angelito'),
(632, 2, 'Colonia Irigoyen'),
(633, 192, 'Pampa Del Indio'),
(634, 9, 'Tucumancito'),
(635, 103, 'Doctor Manuel Belgrano'),
(636, 193, 'San Salvador De Jujuy'),
(637, 194, 'Pinamar'),
(638, 8, 'Villafañe'),
(639, 5, 'Puente Lavalle'),
(640, 195, 'Sin Especificar'),
(641, 196, 'Ciudad Autonoma De Buenos Aires'),
(642, 2, 'Yatai'),
(643, 2, 'Herradura'),
(644, 7, 'Patiño'),
(645, 44, 'Resistencia'),
(646, 198, 'Posadas'),
(647, 199, 'Villa Carlos Paz'),
(648, 9, 'Ingeniero Juarez'),
(649, 200, 'Sin Especificar'),
(650, 9, 'El Palmarcito'),
(651, 201, 'José Falcon'),
(652, 11, 'Sin Especificar'),
(653, 194, 'Sin Especificar'),
(654, 6, 'Sin Especificar'),
(655, 219, 'Colon'),
(656, 220, 'Sant Quirze Del Valles'),
(657, 221, 'Sant Quirze Del Valles'),
(658, 176, 'Blanco Encalada'),
(659, 176, 'Jocolí'),
(660, 176, 'Las Cuevas'),
(661, 176, 'Las Heras'),
(662, 176, 'Los Penitentes'),
(663, 176, 'Polvaredas'),
(664, 176, 'Puente Del Inca'),
(665, 176, 'Punta De Vacas'),
(666, 176, 'Uspallata'),
(667, 120, 'Saladas'),
(668, 223, 'Chimbas'),
(669, 224, 'Neuquén '),
(670, 225, 'Aluminé'),
(671, 226, 'Añelo'),
(672, 227, 'Las Coloradas'),
(673, 228, 'Chos Malal'),
(674, 229, '  Piedra Del Águila'),
(675, 230, 'Junín De Los Andes'),
(676, 231, 'San Martín De Los Andes'),
(677, 232, 'Loncopué'),
(678, 233, 'Villa La Angostura'),
(679, 234, 'Andacollo'),
(680, 235, 'El Huecú'),
(681, 236, 'Buta Ranquil'),
(682, 237, 'Picún Leufú'),
(683, 238, 'Las Lajas'),
(684, 239, 'Zapala'),
(685, 240, 'Santa Rosa Del Conrala'),
(686, 240, 'Santa Rosa Del Conlara');

-- --------------------------------------------------------

--
-- Estructura de tabla para la tabla `localidades_barrio`
--

CREATE TABLE `localidades_barrio` (
  `id_localidadesbarrio` int(5) NOT NULL,
  `id_localidad` int(5) NOT NULL,
  `id_barrio` int(5) NOT NULL
) ENGINE=InnoDB DEFAULT CHARSET=utf8 COLLATE=utf8_spanish_ci;

--
-- Volcado de datos para la tabla `localidades_barrio`
--

INSERT INTO `localidades_barrio` (`id_localidadesbarrio`, `id_localidad`, `id_barrio`) VALUES
(1, 2, 1),
(2, 2, 2),
(3, 2, 3),
(4, 2, 4),
(5, 2, 5),
(6, 2, 6),
(7, 2, 7),
(8, 2, 8),
(9, 2, 9),
(10, 2, 10),
(11, 2, 11),
(12, 2, 12),
(13, 2, 13),
(14, 2, 14),
(15, 2, 15),
(16, 2, 16),
(17, 2, 17),
(18, 2, 18),
(19, 2, 19),
(20, 2, 20),
(21, 2, 21),
(22, 2, 22),
(23, 2, 23),
(24, 2, 24),
(25, 2, 25),
(26, 2, 26),
(27, 2, 27),
(28, 2, 28),
(29, 2, 29),
(30, 2, 30),
(31, 2, 31),
(32, 2, 32),
(33, 2, 33),
(34, 2, 34),
(35, 2, 35),
(36, 2, 36),
(37, 2, 37),
(38, 2, 38),
(39, 2, 39),
(40, 2, 40),
(41, 2, 41),
(42, 2, 42),
(43, 2, 43),
(44, 2, 44),
(45, 2, 45),
(46, 2, 46),
(47, 2, 47),
(48, 2, 48),
(49, 2, 49),
(50, 2, 50),
(51, 2, 51),
(52, 2, 52),
(53, 2, 53),
(54, 2, 54),
(55, 2, 55),
(56, 2, 56),
(57, 2, 57),
(58, 2, 58),
(59, 2, 59),
(60, 2, 60),
(61, 2, 61),
(62, 2, 62),
(63, 2, 63),
(64, 2, 64),
(65, 2, 65),
(66, 2, 66),
(67, 2, 67),
(68, 2, 68),
(69, 2, 69),
(70, 2, 70),
(71, 2, 71),
(72, 2, 72),
(73, 2, 73),
(74, 2, 74),
(75, 2, 75),
(76, 2, 76),
(77, 2, 77),
(78, 2, 78),
(79, 2, 79),
(80, 2, 80),
(81, 2, 81),
(82, 2, 82),
(83, 2, 83),
(84, 2, 84),
(85, 2, 85),
(86, 9, 86),
(87, 9, 87),
(88, 9, 88),
(89, 9, 89),
(90, 9, 90),
(91, 9, 91),
(92, 48, 87),
(93, 48, 88),
(94, 2, 89),
(95, 76, 90),
(96, 34, 91),
(97, 35, 89),
(98, 76, 2),
(99, 76, 92),
(100, 76, 93),
(101, 76, 94),
(102, 76, 95),
(103, 76, 96),
(104, 76, 97),
(105, 76, 11),
(106, 76, 25),
(107, 76, 31),
(108, 76, 32),
(109, 76, 34),
(110, 76, 98),
(111, 76, 99),
(112, 76, 41),
(113, 76, 100),
(114, 76, 101),
(115, 76, 47),
(116, 76, 102),
(117, 76, 103),
(118, 76, 104),
(119, 76, 55),
(120, 76, 105),
(121, 76, 106),
(122, 76, 107),
(123, 76, 108),
(124, 76, 109),
(125, 76, 110),
(126, 76, 66),
(127, 76, 67),
(128, 76, 111),
(129, 76, 112),
(130, 76, 113),
(131, 76, 114),
(132, 76, 115),
(133, 76, 116),
(134, 76, 117),
(135, 76, 118),
(136, 76, 119),
(137, 48, 89),
(138, 63, 89),
(139, 84, 11),
(140, 62, 89),
(141, 63, 120),
(142, 2, 121),
(143, 52, 109),
(144, 52, 122),
(145, 76, 89),
(146, 57, 123),
(147, 57, 124),
(148, 63, 11),
(149, 57, 49),
(150, 63, 125),
(151, 63, 126),
(152, 63, 127),
(153, 63, 128),
(154, 63, 129),
(155, 30, 130),
(156, 63, 45),
(157, 63, 131),
(158, 63, 132),
(159, 63, 133),
(160, 63, 134),
(161, 63, 135),
(162, 53, 89),
(163, 63, 25),
(164, 47, 89),
(165, 52, 11),
(166, 52, 68),
(167, 63, 111),
(168, 63, 136),
(169, 63, 137),
(170, 63, 138),
(171, 63, 139),
(172, 84, 89),
(173, 85, 89),
(174, 57, 89),
(175, 35, 55),
(176, 2, 122),
(177, 2, 140),
(178, 63, 27),
(179, 2, 141),
(180, 51, 89),
(181, 63, 142),
(182, 61, 89),
(183, 48, 11),
(184, 2, 143),
(185, 63, 144),
(186, 49, 89),
(187, 48, 145),
(188, 63, 68),
(189, 2, 146),
(190, 1, 89),
(191, 2, 147),
(192, 2, 148),
(193, 77, 11),
(194, 48, 149),
(195, 2, 150),
(196, 48, 151),
(197, 77, 141),
(198, 57, 152),
(199, 57, 153),
(200, 49, 88),
(201, 48, 45),
(202, 51, 137),
(203, 48, 154),
(204, 51, 122),
(205, 35, 155),
(206, 48, 99),
(207, 51, 11),
(208, 51, 41),
(209, 48, 156),
(210, 48, 157),
(211, 65, 11),
(212, 65, 89),
(213, 48, 158),
(214, 48, 159),
(215, 48, 160),
(216, 51, 161),
(217, 49, 25),
(218, 49, 50),
(219, 51, 133),
(220, 2, 162),
(221, 48, 163),
(222, 48, 2),
(223, 48, 164),
(224, 35, 164),
(225, 51, 50),
(226, 59, 165),
(227, 77, 166),
(228, 47, 167),
(229, 77, 168),
(230, 48, 169),
(231, 86, 170),
(232, 86, 171),
(233, 57, 172),
(234, 67, 89),
(235, 52, 66),
(236, 48, 173),
(237, 2, 174),
(238, 52, 174),
(239, 52, 172),
(240, 34, 11),
(241, 2, 211),
(242, 2, 176),
(243, 65, 177),
(244, 35, 109),
(245, 55, 178),
(246, 2, 179),
(247, 2, 133),
(248, 35, 133),
(249, 2, 180),
(250, 86, 175),
(251, 15, 181),
(252, 2, 182),
(253, 76, 183),
(254, 55, 49),
(255, 2, 184),
(256, 2, 185),
(257, 2, 186),
(258, 2, 187),
(259, 2, 188),
(260, 28, 11),
(261, 87, 189),
(262, 48, 133),
(263, 2, 190),
(264, 2, 191),
(265, 52, 192),
(266, 2, 193),
(267, 51, 194),
(268, 2, 195),
(269, 5, 89),
(270, 2, 196),
(271, 41, 197),
(272, 2, 88),
(273, 61, 68),
(274, 2, 198),
(275, 26, 89),
(276, 30, 89),
(277, 34, 89),
(278, 2, 199),
(279, 52, 89),
(280, 52, 55),
(281, 2, 200),
(282, 2, 201),
(283, 89, 89),
(284, 2, 202),
(285, 2, 203),
(286, 86, 89),
(287, 2, 204),
(288, 34, 205),
(289, 63, 206),
(290, 42, 89),
(291, 42, 109),
(292, 73, 192),
(293, 2, 207),
(294, 2, 208),
(295, 2, 209),
(296, 35, 209),
(297, 50, 89),
(298, 50, 122),
(299, 2, 210),
(300, 2, 211),
(301, 43, 212),
(302, 43, 89),
(303, 2, 213),
(304, 2, 214),
(305, 65, 215),
(306, 2, 216),
(307, 50, 137),
(308, 27, 217),
(309, 60, 218),
(310, 55, 219),
(311, 45, 89),
(312, 57, 38),
(313, 2, 220),
(314, 2, 221),
(315, 2, 222),
(316, 90, 11),
(317, 91, 68),
(318, 2, 223),
(319, 92, 89),
(320, 93, 89),
(321, 91, 176),
(322, 91, 16),
(323, 93, 16),
(324, 94, 89),
(325, 52, 84),
(326, 94, 192),
(327, 76, 224),
(328, 93, 21),
(329, 2, 225),
(330, 96, 226),
(331, 97, 89),
(332, 2, 227),
(333, 48, 228),
(334, 91, 2),
(335, 98, 89),
(336, 2, 229),
(337, 99, 89),
(338, 49, 47),
(339, 100, 89),
(340, 93, 19),
(341, 91, 55),
(342, 2, 230),
(343, 101, 68),
(344, 55, 89),
(345, 101, 71),
(346, 102, 41),
(347, 93, 65),
(348, 102, 11),
(349, 102, 89),
(350, 102, 4),
(351, 102, 2),
(352, 101, 231),
(353, 102, 90),
(354, 103, 89),
(355, 95, 89),
(356, 93, 232),
(357, 102, 162),
(358, 93, 25),
(359, 101, 176),
(360, 102, 69),
(361, 2, 233),
(362, 101, 99),
(363, 104, 89),
(364, 93, 38),
(365, 101, 133),
(366, 2, 234),
(367, 93, 235),
(368, 102, 59),
(369, 102, 236),
(370, 93, 68),
(371, 101, 30),
(372, 102, 39),
(373, 102, 237),
(374, 102, 68),
(375, 102, 71),
(376, 101, 89),
(377, 105, 89),
(378, 102, 38),
(379, 101, 42),
(380, 106, 89),
(381, 102, 50),
(382, 107, 89),
(383, 108, 238),
(384, 109, 70),
(385, 101, 75),
(386, 109, 166),
(387, 102, 75),
(388, 101, 56),
(389, 110, 11),
(390, 55, 239),
(391, 93, 32),
(392, 111, 89),
(393, 112, 89),
(394, 113, 89),
(395, 111, 240),
(396, 114, 89),
(397, 88, 89),
(398, 91, 45),
(399, 102, 32),
(400, 102, 241),
(401, 101, 11),
(402, 116, 242),
(403, 93, 57),
(404, 102, 243),
(405, 101, 38),
(406, 118, 89),
(407, 119, 89),
(408, 102, 64),
(409, 111, 11),
(410, 2, 244),
(411, 2, 245),
(412, 93, 82),
(413, 2, 246),
(414, 120, 247),
(415, 108, 89),
(416, 121, 248),
(417, 121, 89),
(418, 122, 89),
(419, 102, 249),
(420, 102, 133),
(421, 102, 250),
(422, 123, 89),
(423, 2, 249),
(424, 69, 89),
(425, 93, 249),
(426, 93, 5),
(427, 61, 11),
(428, 124, 251),
(429, 125, 89),
(430, 2, 252),
(431, 101, 17),
(432, 126, 38),
(433, 101, 16),
(434, 102, 8),
(435, 101, 253),
(436, 127, 254),
(437, 128, 185),
(438, 102, 255),
(439, 102, 256),
(440, 84, 257),
(441, 101, 53),
(442, 129, 185),
(443, 102, 47),
(444, 102, 49),
(445, 93, 44),
(446, 130, 185),
(447, 102, 27),
(448, 102, 56),
(449, 111, 258),
(450, 91, 79),
(451, 2, 259),
(452, 91, 50),
(453, 93, 71),
(454, 91, 89),
(455, 131, 89),
(456, 91, 260),
(457, 102, 16),
(458, 93, 70),
(459, 132, 89),
(460, 102, 70),
(461, 91, 196),
(462, 93, 9),
(463, 91, 182),
(464, 53, 261),
(465, 91, 179),
(466, 93, 231),
(467, 135, 262),
(468, 135, 263),
(469, 91, 53),
(470, 101, 150),
(471, 102, 53),
(472, 2, 264),
(473, 134, 89),
(474, 50, 261),
(475, 136, 89),
(476, 137, 89),
(477, 50, 265),
(478, 93, 37),
(479, 50, 266),
(480, 93, 179),
(481, 102, 179),
(482, 138, 89),
(483, 102, 25),
(484, 102, 42),
(485, 91, 3),
(486, 139, 89),
(487, 140, 89),
(488, 102, 267),
(489, 102, 19),
(490, 142, 45),
(491, 93, 69),
(492, 2, 268),
(493, 2, 269),
(494, 60, 89),
(495, 143, 270),
(496, 144, 89),
(497, 144, 166),
(498, 145, 89),
(499, 93, 147),
(500, 101, 147),
(501, 102, 190),
(502, 111, 271),
(503, 122, 11),
(504, 146, 272),
(505, 93, 2),
(506, 111, 48),
(507, 120, 89),
(508, 2, 273),
(509, 50, 274),
(510, 102, 207),
(511, 102, 55),
(512, 102, 275),
(513, 147, 166),
(514, 93, 276),
(515, 101, 277),
(516, 102, 246),
(517, 2, 278),
(518, 101, 162),
(519, 102, 279),
(520, 93, 277),
(521, 111, 280),
(522, 101, 37),
(523, 148, 89),
(524, 135, 89),
(525, 93, 3),
(526, 111, 281),
(527, 91, 38),
(528, 149, 89),
(529, 93, 282),
(530, 83, 89),
(531, 93, 41),
(532, 83, 283),
(533, 111, 25),
(534, 101, 284),
(535, 102, 285),
(536, 91, 37),
(537, 120, 26),
(538, 91, 133),
(539, 150, 89),
(540, 33, 89),
(541, 151, 11),
(542, 153, 286),
(543, 91, 19),
(544, 101, 211),
(545, 101, 19),
(546, 154, 89),
(547, 111, 16),
(548, 93, 59),
(549, 91, 88),
(550, 155, 89),
(551, 93, 88),
(552, 101, 82),
(553, 156, 89),
(554, 157, 287),
(555, 91, 32),
(556, 93, 64),
(557, 93, 288),
(558, 102, 289),
(559, 2, 290),
(560, 110, 291),
(561, 46, 290),
(562, 158, 89),
(563, 111, 38),
(564, 146, 175),
(565, 93, 186),
(566, 159, 89),
(567, 101, 186),
(568, 111, 80),
(569, 102, 292),
(570, 101, 70),
(571, 161, 175),
(572, 160, 89),
(573, 162, 218),
(574, 162, 293),
(575, 163, 89),
(576, 77, 172),
(577, 164, 294),
(578, 102, 182),
(579, 91, 42),
(580, 165, 89),
(581, 166, 89),
(582, 6, 89),
(583, 167, 192),
(584, 101, 55),
(585, 93, 50),
(586, 168, 293),
(587, 35, 293),
(588, 147, 89),
(589, 102, 45),
(590, 93, 80),
(591, 93, 11),
(592, 93, 62),
(593, 169, 131),
(594, 93, 30),
(595, 93, 8),
(596, 100, 11),
(597, 91, 59),
(598, 91, 63),
(599, 91, 252),
(600, 91, 295),
(601, 2, 296),
(602, 2, 265),
(603, 61, 297),
(604, 11, 298),
(605, 2, 299),
(606, 77, 89),
(607, 55, 24),
(608, 91, 17),
(609, 61, 300),
(610, 112, 42),
(611, 2, 301),
(612, 91, 246),
(613, 91, 27),
(614, 91, 77),
(615, 91, 62),
(616, 91, 302),
(617, 91, 303),
(618, 2, 304),
(619, 73, 304),
(620, 79, 261),
(621, 170, 89),
(622, 61, 305),
(623, 2, 306),
(624, 91, 65),
(625, 91, 109),
(626, 41, 89),
(627, 42, 307),
(628, 91, 25),
(629, 91, 308),
(630, 91, 64),
(631, 91, 309),
(632, 91, 30),
(633, 60, 55),
(634, 35, 310),
(635, 81, 89),
(636, 69, 311),
(637, 91, 75),
(638, 91, 9),
(639, 2, 312),
(640, 2, 313),
(641, 91, 121),
(642, 91, 71),
(643, 78, 89),
(644, 35, 314),
(645, 91, 315),
(646, 2, 316),
(647, 2, 317),
(648, 161, 89),
(649, 2, 318),
(650, 161, 70),
(651, 61, 319),
(652, 91, 36),
(653, 91, 34),
(654, 61, 320),
(655, 52, 95),
(656, 91, 195),
(657, 91, 24),
(658, 171, 321),
(659, 87, 322),
(660, 87, 175),
(661, 63, 323),
(662, 91, 41),
(663, 2, 324),
(664, 91, 8),
(665, 91, 11),
(666, 91, 175),
(667, 35, 322),
(668, 2, 325),
(669, 91, 326),
(670, 36, 177),
(671, 91, 82),
(672, 2, 99),
(673, 91, 143),
(674, 91, 193),
(675, 2, 327),
(676, 61, 328),
(677, 35, 176),
(678, 87, 89),
(679, 2, 329),
(680, 139, 330),
(681, 139, 331),
(682, 139, 332),
(683, 91, 284),
(684, 2, 333),
(685, 76, 334),
(686, 2, 335),
(687, 172, 89),
(688, 2, 336),
(689, 2, 231),
(690, 91, 337),
(691, 91, 78),
(692, 61, 338),
(693, 45, 339),
(694, 1, 11),
(695, 60, 139),
(696, 43, 11),
(697, 48, 340),
(698, 91, 44),
(699, 55, 192),
(700, 2, 341),
(701, 86, 342),
(702, 86, 343),
(703, 2, 344),
(704, 35, 73),
(705, 2, 345),
(706, 91, 5),
(707, 77, 346),
(708, 104, 347),
(709, 35, 348),
(710, 29, 349),
(711, 69, 286),
(712, 91, 234),
(713, 35, 350),
(714, 2, 351),
(715, 139, 352),
(716, 71, 89),
(717, 35, 64),
(718, 35, 119),
(719, 173, 89),
(720, 91, 48),
(721, 91, 223),
(722, 2, 353),
(723, 35, 195),
(724, 3, 89),
(725, 91, 21),
(726, 51, 354),
(727, 91, 70),
(728, 2, 355),
(729, 76, 356),
(730, 91, 13),
(731, 35, 355),
(732, 52, 357),
(733, 91, 73),
(734, 2, 358),
(735, 91, 359),
(736, 2, 360),
(737, 91, 12),
(738, 81, 49),
(739, 2, 256),
(740, 63, 109),
(741, 2, 361),
(742, 86, 362),
(743, 48, 363),
(744, 49, 364),
(745, 2, 365),
(746, 52, 366),
(747, 36, 11),
(748, 91, 99),
(749, 44, 89),
(750, 91, 367),
(751, 16, 68),
(752, 2, 109),
(753, 174, 89),
(754, 91, 211),
(755, 2, 368),
(756, 91, 369),
(757, 2, 370),
(758, 91, 371),
(759, 35, 247),
(760, 2, 372),
(761, 2, 373),
(762, 36, 95),
(763, 2, 374),
(764, 91, 375),
(765, 2, 376),
(766, 91, 47),
(767, 91, 26),
(768, 60, 141),
(769, 91, 46),
(770, 91, 56),
(771, 2, 377),
(772, 175, 378),
(773, 35, 379),
(774, 95, 44),
(775, 2, 281),
(776, 35, 178),
(777, 77, 380),
(778, 2, 381),
(779, 2, 382),
(780, 55, 172),
(781, 2, 383),
(782, 75, 384),
(783, 2, 337),
(784, 69, 385),
(785, 42, 66),
(786, 49, 11),
(787, 50, 25),
(788, 2, 386),
(789, 139, 387),
(790, 67, 11),
(791, 50, 388),
(792, 65, 389),
(793, 35, 291),
(794, 43, 66),
(795, 55, 68),
(796, 65, 390),
(797, 3, 391),
(798, 2, 392),
(799, 78, 393),
(800, 91, 336),
(801, 51, 55),
(802, 52, 25),
(803, 36, 324),
(804, 77, 41),
(805, 91, 207),
(806, 161, 394),
(807, 2, 395),
(808, 2, 396),
(809, 2, 120),
(810, 63, 176),
(811, 65, 397),
(812, 57, 398),
(813, 2, 367),
(814, 52, 399),
(815, 55, 400),
(816, 2, 118),
(817, 77, 401),
(818, 48, 25),
(819, 77, 402),
(820, 2, 403),
(821, 49, 341),
(822, 70, 89),
(823, 2, 157),
(824, 2, 404),
(825, 2, 405),
(826, 60, 406),
(827, 3, 67),
(828, 11, 407),
(829, 2, 408),
(830, 35, 409),
(831, 63, 410),
(832, 35, 346),
(833, 77, 70),
(834, 69, 70),
(835, 76, 411),
(836, 43, 81),
(837, 77, 64),
(838, 2, 412),
(839, 178, 89),
(840, 179, 89),
(841, 48, 413),
(842, 91, 4),
(843, 63, 414),
(844, 69, 414),
(845, 77, 415),
(846, 181, 89),
(847, 69, 25),
(848, 180, 416),
(849, 179, 417),
(850, 2, 418),
(851, 35, 11),
(852, 91, 40),
(853, 2, 419),
(854, 3, 261),
(855, 2, 420),
(856, 41, 11),
(857, 81, 218),
(858, 91, 15),
(859, 91, 421),
(860, 2, 422),
(861, 63, 423),
(862, 65, 424),
(863, 161, 81),
(864, 42, 425),
(865, 45, 426),
(866, 182, 427),
(867, 2, 428),
(868, 181, 429),
(869, 103, 127),
(870, 2, 430),
(871, 61, 133),
(872, 48, 431),
(873, 183, 89),
(874, 2, 175),
(875, 76, 420),
(876, 48, 137),
(877, 2, 432),
(878, 73, 89),
(879, 73, 433),
(880, 36, 89),
(881, 170, 11),
(882, 50, 434),
(883, 42, 38),
(884, 75, 89),
(885, 64, 89),
(886, 485, 11),
(887, 35, 435),
(888, 2, 436),
(889, 3, 437),
(890, 77, 438),
(891, 71, 93),
(892, 615, 439),
(893, 2, 440),
(894, 63, 66),
(895, 75, 70),
(896, 91, 441),
(897, 91, 237),
(898, 41, 202),
(899, 55, 442),
(900, 55, 443),
(901, 49, 444),
(902, 42, 16),
(903, 2, 445),
(904, 52, 446),
(905, 77, 447),
(906, 60, 166),
(907, 50, 448),
(908, 76, 449),
(909, 52, 80),
(910, 61, 69),
(911, 65, 450),
(912, 52, 451),
(913, 91, 276),
(914, 60, 305),
(915, 41, 261),
(916, 2, 452),
(917, 73, 415),
(918, 73, 453),
(919, 37, 261),
(920, 2, 454),
(921, 46, 455),
(922, 161, 456),
(923, 161, 457),
(924, 76, 458),
(925, 59, 89),
(926, 41, 415),
(927, 73, 38),
(928, 2, 459),
(929, 61, 55),
(930, 91, 460),
(931, 35, 461),
(932, 50, 461),
(933, 11, 89),
(934, 90, 462),
(935, 46, 463),
(936, 63, 464),
(937, 52, 116),
(938, 91, 465),
(939, 2, 116),
(940, 35, 466),
(941, 52, 42),
(942, 6, 68),
(943, 91, 313),
(944, 52, 467),
(945, 2, 468),
(946, 625, 89),
(947, 90, 51),
(948, 90, 469),
(949, 61, 470),
(950, 57, 471),
(951, 2, 472),
(952, 81, 473),
(953, 2, 284),
(954, 2, 474),
(955, 57, 11),
(956, 46, 89),
(957, 91, 14),
(958, 2, 475),
(959, 409, 89),
(960, 52, 476),
(961, 35, 26),
(962, 376, 89),
(963, 2, 477),
(964, 378, 477),
(965, 48, 478),
(966, 91, 479),
(967, 50, 480),
(968, 378, 481),
(969, 2, 482),
(970, 378, 89),
(971, 2, 483),
(972, 69, 484),
(973, 35, 478),
(974, 91, 249),
(975, 6, 485),
(976, 49, 486),
(977, 10, 89),
(978, 324, 89),
(979, 581, 487),
(980, 161, 261),
(981, 378, 488),
(982, 55, 251),
(983, 161, 489),
(984, 76, 257),
(985, 49, 490),
(986, 161, 41),
(987, 2, 491),
(988, 95, 492),
(989, 161, 11),
(990, 21, 89),
(991, 21, 493),
(992, 86, 494),
(993, 2, 495),
(994, 53, 304),
(995, 626, 89),
(996, 76, 496),
(997, 86, 378),
(998, 2, 497),
(999, 2, 498),
(1000, 46, 499),
(1001, 627, 89),
(1002, 50, 176),
(1003, 57, 313),
(1004, 2, 500),
(1005, 2, 371),
(1006, 68, 89),
(1007, 2, 501),
(1008, 91, 501),
(1009, 161, 502),
(1010, 161, 66),
(1011, 2, 503),
(1012, 50, 41),
(1013, 24, 89),
(1014, 2, 504),
(1015, 2, 505),
(1016, 628, 11),
(1017, 76, 413),
(1018, 2, 506),
(1019, 43, 133),
(1020, 50, 175),
(1021, 2, 507),
(1022, 48, 175),
(1023, 161, 219),
(1024, 161, 508),
(1025, 91, 395),
(1026, 60, 11),
(1027, 35, 509),
(1028, 48, 509),
(1029, 2, 510),
(1030, 2, 511),
(1031, 35, 511),
(1032, 81, 512),
(1033, 63, 513),
(1034, 2, 294),
(1035, 42, 212),
(1036, 38, 89),
(1037, 2, 514),
(1038, 170, 515),
(1039, 35, 2),
(1040, 65, 202),
(1041, 630, 89),
(1042, 1, 64),
(1043, 63, 516),
(1044, 2, 517),
(1045, 50, 64),
(1046, 36, 518),
(1047, 262, 519),
(1048, 80, 89),
(1049, 170, 520),
(1050, 170, 18),
(1051, 631, 89),
(1052, 632, 89),
(1053, 2, 521),
(1054, 628, 89),
(1055, 42, 522),
(1056, 453, 89),
(1057, 43, 261),
(1058, 2, 523),
(1059, 63, 524),
(1060, 41, 38),
(1061, 65, 192),
(1062, 71, 161),
(1063, 51, 525),
(1064, 633, 526),
(1065, 166, 527),
(1066, 91, 35),
(1067, 634, 89),
(1068, 91, 1),
(1069, 61, 528),
(1070, 5, 529),
(1071, 4, 89),
(1072, 1, 261),
(1073, 2, 423),
(1074, 57, 530),
(1075, 181, 531),
(1076, 78, 532),
(1077, 50, 11),
(1078, 77, 532),
(1079, 50, 192),
(1080, 2, 533),
(1081, 170, 534),
(1082, 71, 535),
(1083, 41, 536),
(1084, 49, 70),
(1085, 91, 537),
(1086, 237, 89),
(1087, 191, 89),
(1088, 5, 428),
(1089, 77, 218),
(1090, 51, 391),
(1091, 2, 93),
(1092, 65, 538),
(1093, 91, 265),
(1094, 63, 166),
(1095, 2, 539),
(1096, 65, 540),
(1097, 69, 73),
(1098, 91, 541),
(1099, 636, 89),
(1100, 2, 218),
(1101, 76, 542),
(1102, 65, 543),
(1103, 637, 89),
(1104, 71, 544),
(1105, 55, 545),
(1106, 91, 546),
(1107, 74, 89),
(1108, 57, 82),
(1109, 78, 68),
(1110, 2, 257),
(1111, 638, 47),
(1112, 50, 547),
(1113, 61, 350),
(1114, 2, 548),
(1115, 81, 11),
(1116, 35, 549),
(1117, 2, 550),
(1118, 2, 551),
(1119, 71, 552),
(1120, 2, 553),
(1121, 76, 554),
(1122, 1, 555),
(1123, 139, 556),
(1124, 22, 89),
(1125, 35, 30),
(1126, 26, 11),
(1127, 52, 557),
(1128, 52, 558),
(1129, 37, 70),
(1130, 639, 89),
(1131, 52, 559),
(1132, 640, 89),
(1133, 2, 560),
(1134, 638, 89),
(1135, 91, 18),
(1136, 2, 561),
(1137, 61, 562),
(1138, 61, 196),
(1139, 69, 64),
(1140, 57, 43),
(1141, 91, 80),
(1142, 2, 563),
(1143, 91, 324),
(1144, 2, 564),
(1145, 67, 565),
(1146, 67, 192),
(1147, 641, 89),
(1148, 2, 260),
(1149, 91, 566),
(1150, 43, 70),
(1151, 632, 567),
(1152, 632, 5),
(1153, 642, 89),
(1154, 2, 568),
(1155, 91, 569),
(1156, 2, 570),
(1157, 91, 571),
(1158, 91, 118),
(1159, 2, 572),
(1160, 2, 145),
(1161, 91, 573),
(1162, 91, 574),
(1163, 91, 575),
(1164, 91, 57),
(1165, 49, 49),
(1166, 615, 576),
(1167, 166, 577),
(1168, 2, 578),
(1169, 81, 579),
(1170, 63, 580),
(1171, 2, 581),
(1172, 14, 89),
(1173, 35, 166),
(1174, 91, 29),
(1175, 2, 582),
(1176, 2, 123),
(1177, 639, 565),
(1178, 91, 146),
(1179, 40, 89),
(1180, 181, 583),
(1181, 57, 584),
(1182, 112, 585),
(1183, 13, 586),
(1184, 10, 66),
(1185, 35, 122),
(1186, 65, 219),
(1187, 643, 109),
(1188, 35, 67),
(1189, 2, 155),
(1190, 60, 587),
(1191, 60, 68),
(1192, 2, 192),
(1193, 60, 49),
(1194, 52, 1),
(1195, 60, 133),
(1196, 63, 172),
(1197, 63, 588),
(1198, 63, 589),
(1199, 43, 95),
(1200, 2, 590),
(1201, 643, 16),
(1202, 2, 591),
(1203, 2, 152),
(1204, 77, 592),
(1205, 91, 593),
(1206, 51, 593),
(1207, 65, 415),
(1208, 43, 394),
(1209, 83, 70),
(1210, 173, 594),
(1211, 181, 595),
(1212, 35, 84),
(1213, 61, 247),
(1214, 91, 150),
(1215, 2, 596),
(1216, 65, 49),
(1217, 91, 233),
(1218, 91, 72),
(1219, 35, 544),
(1220, 62, 597),
(1221, 640, 598),
(1222, 173, 599),
(1223, 91, 346),
(1224, 166, 11),
(1225, 60, 70),
(1226, 35, 600),
(1227, 2, 601),
(1228, 60, 45),
(1229, 36, 64),
(1230, 55, 69),
(1231, 91, 140),
(1232, 46, 17),
(1233, 645, 89),
(1234, 249, 602),
(1235, 646, 89),
(1236, 35, 1),
(1237, 50, 603),
(1238, 73, 604),
(1239, 59, 605),
(1240, 91, 345),
(1241, 2, 606),
(1242, 36, 261),
(1243, 2, 607),
(1244, 91, 591),
(1245, 82, 89),
(1246, 77, 608),
(1247, 52, 609),
(1248, 71, 610),
(1249, 91, 495),
(1250, 35, 611),
(1251, 35, 68),
(1252, 35, 219),
(1253, 46, 612),
(1254, 76, 145),
(1255, 161, 613),
(1256, 61, 70),
(1257, 91, 614),
(1258, 647, 89),
(1259, 35, 615),
(1260, 52, 616),
(1261, 36, 535),
(1262, 50, 617),
(1263, 52, 618),
(1264, 60, 122),
(1265, 68, 619),
(1266, 90, 89),
(1267, 52, 155),
(1268, 50, 75),
(1269, 50, 90),
(1270, 623, 89),
(1271, 71, 620),
(1272, 38, 621),
(1273, 161, 622),
(1274, 63, 623),
(1275, 77, 624),
(1276, 52, 438),
(1277, 2, 625),
(1278, 2, 114),
(1279, 91, 426),
(1280, 41, 49),
(1281, 171, 89),
(1282, 2, 626),
(1283, 63, 627),
(1284, 306, 89),
(1285, 77, 628),
(1286, 139, 545),
(1287, 35, 629),
(1288, 2, 630),
(1289, 2, 631),
(1290, 91, 373),
(1291, 91, 507),
(1292, 51, 632),
(1293, 37, 633),
(1294, 35, 634),
(1295, 78, 11),
(1296, 170, 635),
(1297, 91, 636),
(1298, 638, 169),
(1299, 262, 89),
(1300, 638, 353),
(1301, 2, 637),
(1302, 43, 638),
(1303, 47, 261),
(1304, 91, 639),
(1305, 90, 640),
(1306, 2, 641),
(1307, 50, 642),
(1308, 50, 513),
(1309, 65, 643),
(1310, 43, 166),
(1311, 615, 644),
(1312, 91, 510),
(1313, 251, 89),
(1314, 251, 645),
(1315, 55, 646),
(1316, 646, 454),
(1317, 2, 647),
(1318, 91, 222),
(1319, 35, 526),
(1320, 210, 89),
(1321, 91, 162),
(1322, 67, 648),
(1323, 2, 649),
(1324, 19, 650),
(1325, 20, 89),
(1326, 91, 81),
(1327, 91, 202),
(1328, 166, 73),
(1329, 2, 247),
(1330, 69, 651),
(1331, 72, 89),
(1332, 48, 192),
(1333, 50, 70),
(1334, 2, 522),
(1335, 81, 99),
(1336, 49, 172),
(1337, 49, 652),
(1338, 91, 653),
(1339, 91, 208),
(1340, 69, 603),
(1341, 2, 654),
(1342, 2, 655),
(1343, 581, 656),
(1344, 81, 657),
(1345, 95, 11),
(1346, 643, 658),
(1347, 643, 522),
(1348, 139, 659),
(1349, 4, 660),
(1350, 76, 661),
(1351, 76, 662),
(1352, 50, 415),
(1353, 48, 663),
(1354, 45, 219),
(1355, 52, 513),
(1356, 48, 294),
(1357, 50, 535),
(1358, 222, 89),
(1359, 51, 664),
(1360, 2, 529),
(1361, 35, 415),
(1362, 95, 665),
(1363, 638, 11),
(1364, 43, 666),
(1365, 48, 166),
(1366, 73, 667),
(1367, 91, 668),
(1368, 91, 603),
(1369, 91, 257),
(1370, 91, 539),
(1371, 638, 88),
(1372, 2, 669),
(1373, 2, 535),
(1374, 79, 535),
(1375, 79, 89),
(1376, 648, 68),
(1377, 648, 89),
(1378, 648, 446),
(1379, 649, 89),
(1380, 648, 109),
(1381, 648, 116),
(1382, 648, 84),
(1383, 77, 670),
(1384, 650, 89),
(1385, 648, 671),
(1386, 648, 11),
(1387, 48, 672),
(1388, 51, 70),
(1389, 55, 114),
(1390, 648, 55),
(1391, 36, 80),
(1392, 36, 673),
(1393, 27, 89),
(1394, 615, 89),
(1395, 15, 89),
(1396, 15, 674),
(1397, 59, 675),
(1398, 60, 675),
(1399, 60, 415),
(1400, 55, 133),
(1401, 648, 80),
(1402, 468, 89),
(1403, 71, 676),
(1404, 91, 147),
(1405, 35, 677),
(1406, 48, 513),
(1407, 77, 603),
(1408, 36, 678),
(1409, 76, 1),
(1410, 60, 99),
(1411, 2, 679),
(1412, 46, 11),
(1413, 2, 680),
(1414, 638, 681),
(1415, 35, 265),
(1416, 31, 682),
(1417, 91, 683),
(1418, 651, 89),
(1419, 61, 684),
(1420, 46, 685),
(1421, 645, 218),
(1422, 2, 277),
(1423, 139, 686),
(1424, 76, 687),
(1425, 76, 688),
(1426, 2, 689),
(1427, 35, 690),
(1428, 76, 141),
(1429, 645, 691),
(1430, 48, 692),
(1431, 49, 122),
(1432, 2, 172),
(1433, 6, 1),
(1434, 76, 693),
(1435, 76, 694),
(1436, 51, 695),
(1437, 35, 70),
(1438, 3, 11),
(1439, 77, 122),
(1440, 86, 696),
(1441, 86, 697),
(1442, 170, 698),
(1443, 2, 699),
(1444, 149, 700),
(1445, 638, 99),
(1446, 3, 701),
(1447, 75, 700),
(1448, 2, 702),
(1449, 63, 390),
(1450, 350, 89),
(1451, 2, 703),
(1452, 91, 28),
(1453, 652, 89),
(1454, 91, 186),
(1455, 81, 704),
(1456, 81, 604),
(1457, 76, 705),
(1458, 83, 706),
(1459, 653, 89),
(1460, 43, 247),
(1461, 49, 261),
(1462, 91, 76),
(1463, 91, 259),
(1464, 643, 175),
(1465, 654, 555),
(1466, 50, 707),
(1467, 2, 708),
(1468, 91, 184),
(1469, 5, 11),
(1470, 78, 172),
(1471, 655, 89),
(1472, 91, 187),
(1473, 91, 709),
(1474, 76, 710),
(1475, 76, 711),
(1476, 2, 379),
(1477, 2, 712),
(1478, 91, 191),
(1479, 71, 286),
(1480, 645, 713),
(1481, 333, 38),
(1482, 645, 16),
(1483, 77, 714),
(1484, 83, 715),
(1485, 91, 716),
(1486, 149, 11),
(1487, 77, 40),
(1488, 645, 717),
(1489, 78, 18),
(1490, 161, 718),
(1491, 91, 719),
(1492, 2, 720),
(1493, 63, 721),
(1494, 3, 173),
(1495, 48, 722),
(1496, 37, 723),
(1497, 2, 724),
(1498, 77, 480),
(1499, 76, 725),
(1500, 91, 513),
(1501, 57, 726),
(1502, 2, 727),
(1503, 46, 728),
(1504, 48, 70),
(1505, 235, 89),
(1506, 91, 7),
(1507, 91, 247),
(1508, 55, 304),
(1509, 49, 729),
(1510, 91, 730),
(1511, 45, 555),
(1512, 657, 89),
(1513, 51, 66),
(1514, 91, 731),
(1515, 2, 732),
(1516, 35, 733),
(1517, 51, 25),
(1518, 2, 734),
(1519, 60, 194),
(1520, 665, 735),
(1521, 91, 210),
(1522, 37, 89),
(1523, 2, 736),
(1524, 63, 737),
(1525, 653, 738),
(1526, 653, 739),
(1527, 36, 127),
(1528, 55, 122),
(1529, 307, 66),
(1530, 2, 740),
(1531, 2, 741),
(1532, 91, 581),
(1533, 91, 458),
(1534, 83, 26),
(1535, 95, 742),
(1536, 91, 743),
(1537, 76, 38),
(1538, 6, 744),
(1539, 7, 89),
(1540, 8, 89),
(1541, 12, 89),
(1542, 13, 89),
(1543, 16, 89),
(1544, 17, 89),
(1545, 18, 89),
(1546, 19, 89),
(1547, 23, 89),
(1548, 25, 89),
(1549, 28, 89),
(1550, 29, 89),
(1551, 31, 89),
(1552, 32, 89),
(1553, 39, 89),
(1554, 54, 89),
(1555, 56, 89),
(1556, 58, 89),
(1557, 66, 89),
(1558, 96, 89),
(1559, 109, 89),
(1560, 110, 89),
(1561, 115, 89),
(1562, 116, 89),
(1563, 117, 89),
(1564, 124, 89),
(1565, 126, 89),
(1566, 127, 89),
(1567, 128, 89),
(1568, 129, 89),
(1569, 130, 89),
(1570, 133, 89),
(1571, 141, 89),
(1572, 142, 89),
(1573, 143, 89),
(1574, 146, 89),
(1575, 151, 89),
(1576, 152, 89),
(1577, 153, 89),
(1578, 157, 89),
(1579, 162, 89),
(1580, 164, 89),
(1581, 167, 89),
(1582, 168, 89),
(1583, 169, 89),
(1584, 175, 89),
(1585, 176, 89),
(1586, 177, 89),
(1587, 180, 89),
(1588, 182, 89),
(1589, 184, 89),
(1590, 185, 89),
(1591, 186, 89),
(1592, 187, 89),
(1593, 188, 89),
(1594, 189, 89),
(1595, 190, 89),
(1596, 192, 89),
(1597, 193, 89),
(1598, 194, 89),
(1599, 195, 89),
(1600, 196, 89),
(1601, 197, 89),
(1602, 198, 89),
(1603, 199, 89),
(1604, 201, 89),
(1605, 202, 89),
(1606, 203, 89),
(1607, 204, 89),
(1608, 205, 89),
(1609, 206, 89),
(1610, 207, 89),
(1611, 208, 89),
(1612, 209, 89),
(1613, 211, 89),
(1614, 212, 89),
(1615, 213, 89),
(1616, 214, 89),
(1617, 215, 89),
(1618, 216, 89),
(1619, 217, 89),
(1620, 218, 89),
(1621, 219, 89),
(1622, 220, 89),
(1623, 221, 89),
(1624, 223, 89),
(1625, 224, 89),
(1626, 225, 89),
(1627, 226, 89),
(1628, 227, 89),
(1629, 228, 89),
(1630, 229, 89),
(1631, 230, 89),
(1632, 231, 89),
(1633, 232, 89),
(1634, 233, 89),
(1635, 234, 89),
(1636, 236, 89),
(1637, 238, 89),
(1638, 239, 89),
(1639, 240, 89),
(1640, 241, 89),
(1641, 242, 89),
(1642, 243, 89),
(1643, 244, 89),
(1644, 245, 89),
(1645, 246, 89),
(1646, 247, 89),
(1647, 248, 89),
(1648, 249, 89),
(1649, 250, 89),
(1650, 252, 89),
(1651, 253, 89),
(1652, 254, 89),
(1653, 255, 89),
(1654, 256, 89),
(1655, 257, 89),
(1656, 258, 89),
(1657, 259, 89),
(1658, 260, 89),
(1659, 261, 89),
(1660, 263, 89),
(1661, 264, 89),
(1662, 265, 89),
(1663, 266, 89),
(1664, 267, 89),
(1665, 268, 89),
(1666, 269, 89),
(1667, 270, 89),
(1668, 271, 89),
(1669, 272, 89),
(1670, 273, 89),
(1671, 274, 89),
(1672, 275, 89),
(1673, 276, 89),
(1674, 277, 89),
(1675, 278, 89),
(1676, 279, 89),
(1677, 280, 89),
(1678, 281, 89),
(1679, 282, 89),
(1680, 283, 89),
(1681, 284, 89),
(1682, 285, 89),
(1683, 286, 89),
(1684, 287, 89),
(1685, 288, 89),
(1686, 289, 89),
(1687, 290, 89),
(1688, 291, 89),
(1689, 292, 89),
(1690, 293, 89),
(1691, 294, 89),
(1692, 295, 89),
(1693, 296, 89),
(1694, 297, 89),
(1695, 298, 89),
(1696, 299, 89),
(1697, 300, 89),
(1698, 301, 89),
(1699, 302, 89),
(1700, 303, 89),
(1701, 304, 89),
(1702, 305, 89),
(1703, 307, 89),
(1704, 308, 89),
(1705, 309, 89),
(1706, 310, 89),
(1707, 311, 89),
(1708, 312, 89),
(1709, 313, 89),
(1710, 314, 89),
(1711, 315, 89),
(1712, 316, 89),
(1713, 317, 89),
(1714, 318, 89),
(1715, 319, 89),
(1716, 320, 89),
(1717, 321, 89),
(1718, 322, 89),
(1719, 323, 89),
(1720, 325, 89),
(1721, 326, 89),
(1722, 327, 89),
(1723, 328, 89),
(1724, 329, 89),
(1725, 330, 89),
(1726, 331, 89),
(1727, 332, 89),
(1728, 333, 89),
(1729, 334, 89),
(1730, 335, 89),
(1731, 336, 89),
(1732, 337, 89),
(1733, 338, 89),
(1734, 339, 89),
(1735, 340, 89),
(1736, 341, 89),
(1737, 342, 89),
(1738, 343, 89),
(1739, 344, 89),
(1740, 345, 89),
(1741, 346, 89),
(1742, 347, 89),
(1743, 348, 89),
(1744, 349, 89),
(1745, 351, 89),
(1746, 352, 89),
(1747, 353, 89),
(1748, 354, 89),
(1749, 355, 89),
(1750, 356, 89),
(1751, 357, 89),
(1752, 358, 89),
(1753, 359, 89),
(1754, 360, 89),
(1755, 361, 89),
(1756, 362, 89),
(1757, 363, 89),
(1758, 364, 89),
(1759, 365, 89),
(1760, 366, 89),
(1761, 367, 89),
(1762, 368, 89),
(1763, 369, 89),
(1764, 370, 89),
(1765, 371, 89),
(1766, 372, 89),
(1767, 373, 89),
(1768, 374, 89),
(1769, 375, 89),
(1770, 377, 89),
(1771, 379, 89),
(1772, 380, 89),
(1773, 381, 89),
(1774, 382, 89),
(1775, 383, 89),
(1776, 384, 89),
(1777, 385, 89),
(1778, 386, 89),
(1779, 387, 89),
(1780, 388, 89),
(1781, 389, 89),
(1782, 390, 89),
(1783, 391, 89),
(1784, 392, 89),
(1785, 393, 89),
(1786, 394, 89),
(1787, 395, 89),
(1788, 396, 89),
(1789, 397, 89),
(1790, 398, 89),
(1791, 399, 89),
(1792, 400, 89),
(1793, 401, 89),
(1794, 402, 89),
(1795, 403, 89),
(1796, 404, 89),
(1797, 405, 89),
(1798, 406, 89),
(1799, 407, 89),
(1800, 408, 89),
(1801, 410, 89),
(1802, 411, 89),
(1803, 412, 89),
(1804, 413, 89),
(1805, 414, 89),
(1806, 415, 89),
(1807, 416, 89),
(1808, 417, 89),
(1809, 418, 89),
(1810, 419, 89),
(1811, 420, 89),
(1812, 421, 89),
(1813, 422, 89),
(1814, 423, 89),
(1815, 424, 89),
(1816, 425, 89),
(1817, 426, 89),
(1818, 427, 89),
(1819, 428, 89),
(1820, 429, 89),
(1821, 430, 89),
(1822, 431, 89),
(1823, 432, 89),
(1824, 433, 89),
(1825, 434, 89),
(1826, 435, 89),
(1827, 436, 89),
(1828, 437, 89),
(1829, 438, 89),
(1830, 439, 89),
(1831, 440, 89),
(1832, 441, 89),
(1833, 442, 89),
(1834, 443, 89),
(1835, 444, 89),
(1836, 445, 89),
(1837, 446, 89),
(1838, 447, 89),
(1839, 448, 89),
(1840, 449, 89),
(1841, 450, 89),
(1842, 451, 89),
(1843, 452, 89),
(1844, 454, 89),
(1845, 455, 89),
(1846, 456, 89),
(1847, 457, 89),
(1848, 458, 89),
(1849, 459, 89),
(1850, 460, 89),
(1851, 461, 89),
(1852, 462, 89),
(1853, 463, 89),
(1854, 464, 89),
(1855, 465, 89),
(1856, 466, 89),
(1857, 467, 89),
(1858, 469, 89),
(1859, 470, 89),
(1860, 471, 89),
(1861, 472, 89),
(1862, 473, 89),
(1863, 474, 89),
(1864, 475, 89),
(1865, 476, 89),
(1866, 477, 89),
(1867, 478, 89),
(1868, 479, 89),
(1869, 480, 89),
(1870, 481, 89),
(1871, 482, 89),
(1872, 483, 89),
(1873, 484, 89),
(1874, 485, 89),
(1875, 486, 89),
(1876, 487, 89),
(1877, 488, 89),
(1878, 489, 89),
(1879, 490, 89),
(1880, 491, 89),
(1881, 492, 89),
(1882, 493, 89),
(1883, 494, 89),
(1884, 495, 89),
(1885, 496, 89),
(1886, 497, 89),
(1887, 498, 89),
(1888, 499, 89),
(1889, 501, 89),
(1890, 502, 89),
(1891, 503, 89),
(1892, 504, 89),
(1893, 505, 89),
(1894, 506, 89),
(1895, 507, 89),
(1896, 508, 89),
(1897, 509, 89),
(1898, 510, 89),
(1899, 511, 89),
(1900, 512, 89),
(1901, 513, 89),
(1902, 514, 89),
(1903, 515, 89),
(1904, 516, 89),
(1905, 517, 89),
(1906, 518, 89),
(1907, 519, 89),
(1908, 520, 89),
(1909, 521, 89),
(1910, 522, 89),
(1911, 523, 89),
(1912, 524, 89),
(1913, 525, 89),
(1914, 526, 89),
(1915, 527, 89),
(1916, 528, 89),
(1917, 529, 89),
(1918, 530, 89),
(1919, 531, 89),
(1920, 532, 89),
(1921, 533, 89),
(1922, 534, 89),
(1923, 535, 89),
(1924, 536, 89),
(1925, 537, 89),
(1926, 538, 89),
(1927, 539, 89),
(1928, 540, 89),
(1929, 541, 89),
(1930, 542, 89),
(1931, 543, 89),
(1932, 544, 89),
(1933, 545, 89),
(1934, 546, 89),
(1935, 547, 89),
(1936, 548, 89),
(1937, 549, 89),
(1938, 550, 89),
(1939, 551, 89),
(1940, 552, 89),
(1941, 553, 89),
(1942, 554, 89),
(1943, 555, 89),
(1944, 556, 89),
(1945, 557, 89),
(1946, 558, 89),
(1947, 559, 89),
(1948, 560, 89),
(1949, 561, 89),
(1950, 562, 89),
(1951, 563, 89),
(1952, 564, 89),
(1953, 565, 89),
(1954, 566, 89),
(1955, 567, 89),
(1956, 568, 89),
(1957, 569, 89),
(1958, 570, 89),
(1959, 571, 89),
(1960, 572, 89),
(1961, 573, 89),
(1962, 574, 89),
(1963, 575, 89),
(1964, 576, 89),
(1965, 577, 89),
(1966, 578, 89),
(1967, 579, 89),
(1968, 580, 89),
(1969, 581, 89),
(1970, 582, 89),
(1971, 583, 89),
(1972, 584, 89),
(1973, 585, 89),
(1974, 586, 89),
(1975, 587, 89),
(1976, 588, 89),
(1977, 589, 89),
(1978, 590, 89),
(1979, 591, 89),
(1980, 592, 89),
(1981, 593, 89),
(1982, 594, 89),
(1983, 595, 89),
(1984, 596, 89),
(1985, 597, 89),
(1986, 598, 89),
(1987, 599, 89),
(1988, 600, 89),
(1989, 601, 89),
(1990, 602, 89),
(1991, 603, 89),
(1992, 604, 89),
(1993, 605, 89),
(1994, 606, 89),
(1995, 607, 89),
(1996, 608, 89),
(1997, 609, 89),
(1998, 610, 89),
(1999, 611, 89),
(2000, 612, 89),
(2001, 613, 89),
(2002, 614, 89),
(2003, 616, 89),
(2004, 617, 89),
(2005, 618, 89),
(2006, 619, 89),
(2007, 620, 89),
(2008, 621, 89),
(2009, 622, 89),
(2010, 624, 89),
(2011, 629, 89),
(2012, 633, 89),
(2013, 635, 89),
(2014, 643, 89),
(2015, 644, 89),
(2016, 654, 89),
(2017, 656, 89),
(2018, 658, 89),
(2019, 659, 89),
(2020, 660, 89),
(2021, 661, 89),
(2022, 662, 89),
(2023, 663, 89),
(2024, 664, 89),
(2025, 237, 89),
(2026, 667, 89),
(2027, 2, 745),
(2028, 2, 746),
(2029, 2, 579),
(2030, 668, 89),
(2031, 4, 748),
(2032, 2, 748),
(2033, 669, 89),
(2034, 669, 749),
(2035, 669, 750),
(2036, 669, 751),
(2037, 669, 752),
(2038, 669, 753),
(2039, 669, 754),
(2040, 669, 755),
(2041, 669, 756),
(2042, 669, 757),
(2043, 669, 758),
(2044, 669, 759),
(2045, 669, 760),
(2046, 669, 761),
(2047, 669, 762),
(2048, 669, 763),
(2049, 669, 634),
(2050, 669, 764),
(2051, 669, 765),
(2052, 669, 604),
(2053, 669, 766),
(2054, 669, 767),
(2055, 669, 768),
(2056, 669, 769),
(2057, 669, 770),
(2058, 669, 771),
(2059, 669, 772),
(2060, 669, 773),
(2061, 669, 50),
(2062, 669, 713),
(2063, 669, 774),
(2064, 669, 775),
(2065, 669, 51),
(2066, 669, 674),
(2067, 669, 776),
(2068, 669, 777),
(2069, 669, 778),
(2070, 669, 779),
(2071, 669, 780),
(2072, 669, 781),
(2073, 669, 782),
(2074, 669, 783),
(2075, 670, 89),
(2076, 671, 89),
(2077, 672, 89),
(2078, 673, 89),
(2079, 674, 89),
(2080, 675, 89),
(2081, 676, 89),
(2082, 677, 89),
(2083, 678, 89),
(2084, 679, 89),
(2085, 680, 89),
(2086, 681, 89),
(2087, 682, 89),
(2088, 683, 89),
(2089, 684, 89),
(2090, 2, 784),
(2091, 76, 785),
(2092, 685, 786),
(2093, 41, 787),
(2094, 76, 788),
(2095, 63, 789),
(2096, 2, 790);

-- --------------------------------------------------------

--
-- Estructura de tabla para la tabla `paises`
--

CREATE TABLE `paises` (
  `id_pais` int(5) NOT NULL,
  `descripcion` varchar(100) NOT NULL
) ENGINE=InnoDB DEFAULT CHARSET=utf8 COLLATE=utf8_spanish_ci COMMENT='Descripcion o nombres de pais junto con descripcion de nacionalidad';

--
-- Volcado de datos para la tabla `paises`
--

INSERT INTO `paises` (`id_pais`, `descripcion`) VALUES
(1, 'Argentina'),
(5, 'Bolivia'),
(6, 'Brasil'),
(2, 'Chile'),
(12, 'Colombia'),
(8, 'Cuba'),
(9, 'Ecuador'),
(11, 'EspaÑa'),
(7, 'Jamaica'),
(3, 'Paraguay'),
(10, 'Polonia'),
(4, 'Uruguay');

-- --------------------------------------------------------

--
-- Estructura de tabla para la tabla `personas_domicilios`
--

CREATE TABLE `personas_domicilios` (
  `id_persona_domicilio` int(11) NOT NULL,
  `id_persona` int(11) NOT NULL,
  `id_tipoDomicilio` int(11) NOT NULL,
  `id_barrio` int(11) NOT NULL,
  `observaciones` varchar(250) NOT NULL
) ENGINE=InnoDB DEFAULT CHARSET=utf8mb4 COLLATE=utf8mb4_general_ci;

-- --------------------------------------------------------

--
-- Estructura de tabla para la tabla `provincias`
--

CREATE TABLE `provincias` (
  `id_provincia` int(5) NOT NULL,
  `id_pais` int(5) NOT NULL,
  `descripcion` varchar(100) NOT NULL
) ENGINE=InnoDB DEFAULT CHARSET=utf8 COLLATE=utf8_spanish_ci COMMENT='Descripcion de Provincias/Estados  por Pais ';

--
-- Volcado de datos para la tabla `provincias`
--

INSERT INTO `provincias` (`id_provincia`, `id_pais`, `descripcion`) VALUES
(1, 1, 'Buenos Aires'),
(2, 1, 'Catamarca'),
(3, 1, 'Chaco'),
(4, 1, 'Chubut'),
(5, 1, 'Ciudad Autonoma de Buenos Aires'),
(6, 1, 'Córdoba'),
(7, 1, 'Corrientes'),
(8, 1, 'Entre rios'),
(9, 1, 'Formosa'),
(10, 1, 'Jujuy'),
(11, 1, 'La pampa'),
(12, 1, 'La rioja'),
(13, 1, 'Mendoza'),
(14, 1, 'Misiones'),
(15, 1, 'Neuquen'),
(16, 1, 'Rio negro'),
(17, 1, 'Salta'),
(18, 1, 'San Juan'),
(19, 1, 'San luis'),
(20, 1, 'Santa cruz'),
(21, 1, 'Santa Fe'),
(22, 1, 'Santiago del estero'),
(23, 1, 'Tierra del fuego, Antartida e Islas del Atlantico Sur'),
(24, 1, 'Tucuman'),
(25, 1, 'Puerto Madryn'),
(26, 1, 'Sin Especificar'),
(27, 3, 'Región Occidental'),
(28, 3, 'Región Oriental'),
(29, 3, 'Alto Paraná'),
(30, 3, 'Alto Paraguay'),
(31, 11, 'Barcelona'),
(32, 11, 'Sin Especificar');

-- --------------------------------------------------------

--
-- Estructura de tabla para la tabla `tipoatributo`
--

CREATE TABLE `tipoatributo` (
  `id_tipoAtributo` int(5) NOT NULL,
  `descripcion` varchar(100) NOT NULL
) ENGINE=InnoDB DEFAULT CHARSET=utf8 COLLATE=utf8_spanish_ci;

--
-- Volcado de datos para la tabla `tipoatributo`
--

INSERT INTO `tipoatributo` (`id_tipoAtributo`, `descripcion`) VALUES
(1, 'Altura'),
(2, 'Departamento'),
(3, 'Piso'),
(4, 'Numero'),
(5, 'Sector'),
(6, 'Manzana'),
(7, 'Torre'),
(8, 'Casa'),
(9, 'Ruta'),
(10, 'Kilometro'),
(11, 'Paraje'),
(12, 'Monoblock'),
(13, 'Oficina'),
(14, 'Observaciones'),
(15, 'Edificio'),
(16, 'Lote Rural'),
(21, 'Consultorio'),
(26, 'Parcela'),
(27, 'Sin Especificar'),
(28, 'Grupo'),
(29, 'Planta Baja'),
(30, 'Esquina'),
(31, 'Pasaje'),
(32, 'Seccion'),
(33, 'Circunscripcion'),
(34, 'Pasaje Remedios De Escalada'),
(35, 'Pasillo'),
(36, 'Complejo'),
(37, 'Intersección'),
(38, 'Alberdi'),
(39, 'Otros'),
(40, 'Galeria'),
(41, 'Planta'),
(42, 'Finca'),
(43, 'Lote'),
(44, 'Frente A La Sala De Atencion Primaria'),
(45, 'Sin Atributos'),
(46, 'A 50 Mts. Del Puente'),
(47, 'Referencia'),
(48, 'Ubicacion'),
(49, 'Calle'),
(50, 'Zona'),
(51, 'Local'),
(52, 'Bloque'),
(53, 'Avenida');

-- --------------------------------------------------------

--
-- Estructura de tabla para la tabla `tipodomicilio`
--

CREATE TABLE `tipodomicilio` (
  `id_tipoDomicilio` int(5) NOT NULL,
  `descripcion` varchar(100) NOT NULL
) ENGINE=InnoDB DEFAULT CHARSET=utf8 COLLATE=utf8_spanish_ci;

--
-- Volcado de datos para la tabla `tipodomicilio`
--

INSERT INTO `tipodomicilio` (`id_tipoDomicilio`, `descripcion`) VALUES
(1, 'Real'),
(2, 'Legal'),
(3, 'Laboral'),
(4, 'Constituido'),
(5, 'Estatutario / Social'),
(6, 'Denunciado'),
(7, 'Fiscal');

--
-- Índices para tablas volcadas
--

--
-- Indices de la tabla `barrios`
--
ALTER TABLE `barrios`
  ADD PRIMARY KEY (`id_barrio`),
  ADD KEY `idx_descripcion` (`descripcion`);

--
-- Indices de la tabla `departamentos`
--
ALTER TABLE `departamentos`
  ADD PRIMARY KEY (`id_departamento`),
  ADD KEY `idx_provincia` (`id_provincia`);
ALTER TABLE `departamentos` ADD FULLTEXT KEY `idx_descripcion` (`descripcion`);

--
-- Indices de la tabla `domicilios_atributos`
--
ALTER TABLE `domicilios_atributos`
  ADD PRIMARY KEY (`id_domicilio_atributo`);

--
-- Indices de la tabla `localidades`
--
ALTER TABLE `localidades`
  ADD PRIMARY KEY (`id_localidad`),
  ADD KEY `idx_departamento` (`id_departamento`);
ALTER TABLE `localidades` ADD FULLTEXT KEY `idx_descripcion` (`descripcion`);

--
-- Indices de la tabla `localidades_barrio`
--
ALTER TABLE `localidades_barrio`
  ADD PRIMARY KEY (`id_localidadesbarrio`),
  ADD KEY `idx_localidad` (`id_localidad`),
  ADD KEY `idx_barrio` (`id_barrio`);

--
-- Indices de la tabla `paises`
--
ALTER TABLE `paises`
  ADD PRIMARY KEY (`id_pais`),
  ADD KEY `idx_descripcion` (`descripcion`);

--
-- Indices de la tabla `personas_domicilios`
--
ALTER TABLE `personas_domicilios`
  ADD PRIMARY KEY (`id_persona_domicilio`);

--
-- Indices de la tabla `provincias`
--
ALTER TABLE `provincias`
  ADD PRIMARY KEY (`id_provincia`),
  ADD KEY `idx_pais` (`id_pais`);
ALTER TABLE `provincias` ADD FULLTEXT KEY `idx_descripcion` (`descripcion`);

--
-- Indices de la tabla `tipoatributo`
--
ALTER TABLE `tipoatributo`
  ADD PRIMARY KEY (`id_tipoAtributo`);
ALTER TABLE `tipoatributo` ADD FULLTEXT KEY `idx_descripcion` (`descripcion`);

--
-- Indices de la tabla `tipodomicilio`
--
ALTER TABLE `tipodomicilio`
  ADD PRIMARY KEY (`id_tipoDomicilio`);

--
-- AUTO_INCREMENT de las tablas volcadas
--

--
-- AUTO_INCREMENT de la tabla `barrios`
--
ALTER TABLE `barrios`
  MODIFY `id_barrio` int(5) NOT NULL AUTO_INCREMENT, AUTO_INCREMENT=791;

--
-- AUTO_INCREMENT de la tabla `departamentos`
--
ALTER TABLE `departamentos`
  MODIFY `id_departamento` int(5) NOT NULL AUTO_INCREMENT, AUTO_INCREMENT=241;

--
-- AUTO_INCREMENT de la tabla `domicilios_atributos`
--
ALTER TABLE `domicilios_atributos`
  MODIFY `id_domicilio_atributo` int(11) NOT NULL AUTO_INCREMENT, AUTO_INCREMENT=3;

--
-- AUTO_INCREMENT de la tabla `localidades`
--
ALTER TABLE `localidades`
  MODIFY `id_localidad` int(5) NOT NULL AUTO_INCREMENT, AUTO_INCREMENT=687;

--
-- AUTO_INCREMENT de la tabla `localidades_barrio`
--
ALTER TABLE `localidades_barrio`
  MODIFY `id_localidadesbarrio` int(5) NOT NULL AUTO_INCREMENT, AUTO_INCREMENT=2097;

--
-- AUTO_INCREMENT de la tabla `paises`
--
ALTER TABLE `paises`
  MODIFY `id_pais` int(5) NOT NULL AUTO_INCREMENT, AUTO_INCREMENT=14;

--
-- AUTO_INCREMENT de la tabla `personas_domicilios`
--
ALTER TABLE `personas_domicilios`
  MODIFY `id_persona_domicilio` int(11) NOT NULL AUTO_INCREMENT, AUTO_INCREMENT=5;

--
-- AUTO_INCREMENT de la tabla `provincias`
--
ALTER TABLE `provincias`
  MODIFY `id_provincia` int(5) NOT NULL AUTO_INCREMENT, AUTO_INCREMENT=33;

--
-- AUTO_INCREMENT de la tabla `tipoatributo`
--
ALTER TABLE `tipoatributo`
  MODIFY `id_tipoAtributo` int(5) NOT NULL AUTO_INCREMENT, AUTO_INCREMENT=54;

--
-- AUTO_INCREMENT de la tabla `tipodomicilio`
--
ALTER TABLE `tipodomicilio`
  MODIFY `id_tipoDomicilio` int(5) NOT NULL AUTO_INCREMENT, AUTO_INCREMENT=8;
COMMIT;

/*!40101 SET CHARACTER_SET_CLIENT=@OLD_CHARACTER_SET_CLIENT */;
/*!40101 SET CHARACTER_SET_RESULTS=@OLD_CHARACTER_SET_RESULTS */;
/*!40101 SET COLLATION_CONNECTION=@OLD_COLLATION_CONNECTION */;
